id,url,primaryTitle,originalTitle,type,description,primaryImage,contentRating,startYear,endYear,releaseDate,interests,countriesOfOrigin,externalLinks,spokenLanguages,filmingLocations,productionCompanies,budget,grossWorldwide,genres,isAdult,runtimeMinutes,averageRating,numVotes
tt0111161,https://www.imdb.com/title/tt0111161/,The Shawshank Redemption,The Shawshank Redemption,movie,"A banker convicted of uxoricide forms a friendship over a quarter century with a hardened convict, while maintaining his innocence and trying to remain hopeful through simple compassion.",https://m.media-amazon.com/images/M/MV5BMDAyY2FhYjctNDc5OS00MDNlLThiMGUtY2UxYWVkNGY2ZjljXkEyXkFqcGc@._V1_.jpg,R,1994,,1994-10-14,"['Epic', 'Period Drama', 'Prison Drama', 'Drama']",['US'],"['https://www.facebook.com/shawshankredemptionfilm/', 'https://www.warnerbros.com/movies/shawshank-redemption']",['en'],"['Mansfield Reformatory - 100 Reformatory Road, Mansfield, Ohio, USA']","[{'id': 'co0040620', 'name': 'Castle Rock Entertainment'}]",25000000,29332133,['Drama'],False,142,9.3,3020620
tt0068646,https://www.imdb.com/title/tt0068646/,The Godfather,The Godfather,movie,The aging patriarch of an organized crime dynasty transfers control of his clandestine empire to his reluctant son.,https://m.media-amazon.com/images/M/MV5BYTJkNGQyZDgtZDQ0NC00MDM0LWEzZWQtYzUzZDEwMDljZWNjXkEyXkFqcGc@._V1_.jpg,R,1972,,1972-03-24,"['Epic', 'Gangster', 'Tragedy', 'Crime', 'Drama']",['US'],"['https://www.facebook.com/thegodfather/', 'https://www.instagram.com/thegodfathermovie/']","['en', 'it', 'la']","[""Forza d'Agrò, Messina, Sicily, Italy""]","[{'id': 'co0023400', 'name': 'Paramount Pictures'}, {'id': 'co0921482', 'name': 'Albert S. Ruddy Productions'}, {'id': 'co0255097', 'name': 'Alfran Productions'}]",6000000,250342198,"['Crime', 'Drama']",False,175,9.2,2108033
tt0468569,https://www.imdb.com/title/tt0468569/,The Dark Knight,The Dark Knight,movie,"When a menace known as the Joker wreaks havoc and chaos on the people of Gotham, Batman, James Gordon and Harvey Dent must work together to put an end to the madness.",https://m.media-amazon.com/images/M/MV5BMTMxNTMwODM0NF5BMl5BanBnXkFtZTcwODAyMTk2Mw@@._V1_.jpg,PG-13,2008,,2008-07-18,"['Action Epic', 'Epic', 'Superhero', 'Action', 'Crime', 'Drama', 'Thriller']","['US', 'GB']","['https://www.facebook.com/darkknighttrilogy/', 'https://www.warnerbros.co.uk/movies/dark-knight']",['en'],"['Chicago, Illinois, USA']","[{'id': 'co0002663', 'name': 'Warner Bros.'}, {'id': 'co0159111', 'name': 'Legendary Entertainment'}, {'id': 'co0147954', 'name': 'Syncopy'}]",185000000,1009053678,"['Action', 'Crime', 'Drama']",False,152,9,2996934
tt0071562,https://www.imdb.com/title/tt0071562/,The Godfather Part II,The Godfather Part II,movie,"The early life and career of Vito Corleone in 1920s New York City is portrayed, while his son, Michael, expands and tightens his grip on the family crime syndicate.",https://m.media-amazon.com/images/M/MV5BNzc1OWY5MjktZDllMi00ZDEzLWEwMGItYjk1YmRhYjBjNTVlXkEyXkFqcGc@._V1_.jpg,R,1974,,1974-12-18,"['Epic', 'Gangster', 'Tragedy', 'Crime', 'Drama']",['US'],"['https://www.facebook.com/thegodfather/', 'https://twitter.com/godfathermovie']","['en', 'it', 'es', 'la']","['Kaiser Estate, 4000 W Lake Blvd, Homewood, Lake Tahoe, California, USA']","[{'id': 'co0023400', 'name': 'Paramount Pictures'}, {'id': 'co0099634', 'name': 'The Coppola Company'}, {'id': 'co0020958', 'name': 'American Zoetrope'}]",13000000,47964222,"['Crime', 'Drama']",False,202,9,1419723
tt0050083,https://www.imdb.com/title/tt0050083/,12 Angry Men,12 Angry Men,movie,The jury in a New York City murder trial is frustrated by a single member whose skeptical caution forces them to more carefully consider the evidence before jumping to a hasty verdict.,https://m.media-amazon.com/images/M/MV5BYjE4NzdmOTYtYjc5Yi00YzBiLWEzNDEtNTgxZGQ2MWVkN2NiXkEyXkFqcGc@._V1_.jpg,Approved,1957,,1957-04-10,"['Legal Drama', 'Psychological Drama', 'Crime', 'Drama']",['US'],,['en'],"['New York County Courthouse - 60 Centre Street, New York City, New York, USA']","[{'id': 'co0032902', 'name': 'Orion-Nova Productions'}]",350000,2945,"['Crime', 'Drama']",False,96,9,916951
tt0167260,https://www.imdb.com/title/tt0167260/,The Lord of the Rings: The Return of the King,The Lord of the Rings: The Return of the King,movie,Gandalf and Aragorn lead the World of Men against Sauron's army to draw his gaze from Frodo and Sam as they approach Mount Doom with the One Ring.,https://m.media-amazon.com/images/M/MV5BMTZkMjBjNWMtZGI5OC00MGU0LTk4ZTItODg2NWM3NTVmNWQ4XkEyXkFqcGc@._V1_.jpg,PG-13,2003,,2003-12-17,"['Adventure Epic', 'Epic', 'Fantasy Epic', 'Mountain Adventure', 'Quest', 'Sword & Sorcery', 'Tragedy', 'Adventure', 'Drama', 'Fantasy']","['NZ', 'US']","['https://www.facebook.com/lordoftheringstrilogy', 'http://www.lordoftherings.net/']",['en'],"['Hinuera Valley, Matamata, Waikato, New Zealand']","[{'id': 'co0046718', 'name': 'New Line Cinema'}, {'id': 'co0046203', 'name': 'WingNut Films'}, {'id': 'co0061706', 'name': 'The Saul Zaentz Company'}]",94000000,1138263151,"['Adventure', 'Drama', 'Fantasy']",False,201,9,2063813
tt0108052,https://www.imdb.com/title/tt0108052/,Schindler's List,Schindler's List,movie,"In German-occupied Poland during World War II, industrialist Oskar Schindler gradually becomes concerned for his Jewish workforce after witnessing their persecution by the Nazis.",https://m.media-amazon.com/images/M/MV5BNjM1ZDQxYWUtMzQyZS00MTE1LWJmZGYtNGUyNTdlYjM3ZmVmXkEyXkFqcGc@._V1_.jpg,R,1993,,1994-02-04,"['Docudrama', 'Epic', 'Historical Epic', 'Period Drama', 'Prison Drama', 'Biography', 'Drama', 'History']",['US'],"['https://www.facebook.com/SchindlersListMovie/', 'https://www.uphe.com/movies/schindlers-list']","['en', 'he', 'de', 'pl', 'la']","['Auschwitz-Birkenau Concentration Camp, Oswiecim, Malopolskie, Poland']","[{'id': 'co0005073', 'name': 'Universal Pictures'}, {'id': 'co0009119', 'name': 'Amblin Entertainment'}]",22000000,322161245,"['Biography', 'Drama', 'History']",False,195,9,1512166
tt0110912,https://www.imdb.com/title/tt0110912/,Pulp Fiction,Pulp Fiction,movie,"The lives of two mob hitmen, a boxer, a gangster and his wife, and a pair of diner bandits intertwine in four tales of violence and redemption.",https://m.media-amazon.com/images/M/MV5BYTViYTE3ZGQtNDBlMC00ZTAyLTkyODMtZGRiZDg0MjA2YThkXkEyXkFqcGc@._V1_.jpg,R,1994,,1994-10-14,"['Dark Comedy', 'Drug Crime', 'Gangster', 'Crime', 'Drama']",['US'],"['http://www.facebook.com/PulpFiction', 'http://www.miramax.com/movie/pulp-fiction']","['en', 'es', 'fr']","['1435 Flower Street, Glendale, California, USA']","[{'id': 'co0022594', 'name': 'Miramax'}, {'id': 'co0019267', 'name': 'A Band Apart'}, {'id': 'co0010434', 'name': 'Jersey Films'}]",8000000,213928762,"['Crime', 'Drama']",False,154,8.9,2317768
tt0120737,https://www.imdb.com/title/tt0120737/,The Lord of the Rings: The Fellowship of the Ring,The Lord of the Rings: The Fellowship of the Ring,movie,A meek Hobbit from the Shire and eight companions set out on a journey to destroy the powerful One Ring and save Middle-earth from the Dark Lord Sauron.,https://m.media-amazon.com/images/M/MV5BNzIxMDQ2YTctNDY4MC00ZTRhLTk4ODQtMTVlOWY4NTdiYmMwXkEyXkFqcGc@._V1_.jpg,PG-13,2001,,2001-12-19,"['Adventure Epic', 'Epic', 'Fantasy Epic', 'Quest', 'Sword & Sorcery', 'Adventure', 'Drama', 'Fantasy']","['NZ', 'US', 'GB']","['https://www.facebook.com/lordoftheringstrilogy', 'https://www.warnerbros.com/movies/lord-rings-fellowship-ring']",['en'],"['Wellington, New Zealand']","[{'id': 'co0046718', 'name': 'New Line Cinema'}, {'id': 'co0046203', 'name': 'WingNut Films'}, {'id': 'co0614377', 'name': 'Marzano Films'}]",93000000,888159923,"['Adventure', 'Drama', 'Fantasy']",False,178,8.9,2092810
tt0060196,https://www.imdb.com/title/tt0060196/,"The Good, the Bad and the Ugly","Il buono, il brutto, il cattivo",movie,A bounty hunting scam joins two men in an uneasy alliance against a third in a race to find a fortune in gold buried in a remote cemetery.,https://m.media-amazon.com/images/M/MV5BMWM5ZjQxM2YtNDlmYi00ZDNhLWI4MWUtN2VkYjBlMTY1ZTkwXkEyXkFqcGc@._V1_.jpg,R,1966,,1967-12-29,"['Adventure Epic', 'Desert Adventure', 'Epic', 'Period Drama', 'Quest', 'Spaghetti Western', 'Western Epic', 'Adventure', 'Drama', 'Western']","['IT', 'ES', 'US']",,"['it', 'en']","['Carazo, Burgos, Castilla y León, Spain']","[{'id': 'co0013844', 'name': 'Produzioni Europee Associate (PEA)'}, {'id': 'co0046114', 'name': 'Arturo González Producciones Cinematográficas'}, {'id': 'co0002257', 'name': 'Constantin Film'}]",1200000,25264999,"['Adventure', 'Western']",False,178,8.8,846974
tt0109830,https://www.imdb.com/title/tt0109830/,Forrest Gump,Forrest Gump,movie,"The history of the United States from the 1950s to the '70s unfolds from the perspective of an Alabama man with an IQ of 75, who yearns to be reunited with his childhood sweetheart.",https://m.media-amazon.com/images/M/MV5BNDYwNzVjMTItZmU5YS00YjQ5LTljYjgtMjY2NDVmYWMyNWFmXkEyXkFqcGc@._V1_.jpg,PG-13,1994,,1994-07-06,"['Epic', 'Drama', 'Romance']",['US'],"['https://www.facebook.com/ForrestGump', 'https://www.instagram.com/forrestgumpfilm/']",['en'],"['Chippewa Square, Savannah, Georgia, USA']","[{'id': 'co0023400', 'name': 'Paramount Pictures'}, {'id': 'co0024369', 'name': 'The Steve Tisch Company'}, {'id': 'co0004317', 'name': 'Wendy Finerman Productions'}]",55000000,678226465,"['Drama', 'Romance']",False,142,8.8,2361354
tt0167261,https://www.imdb.com/title/tt0167261/,The Lord of the Rings: The Two Towers,The Lord of the Rings: The Two Towers,movie,"While Frodo and Sam edge closer to Mordor with the help of the shifty Gollum, the divided fellowship makes a stand against Sauron's new ally, Saruman, and his hordes of Isengard.",https://m.media-amazon.com/images/M/MV5BMGQxMDdiOWUtYjc1Ni00YzM1LWE2NjMtZTg3Y2JkMjEzMTJjXkEyXkFqcGc@._V1_.jpg,PG-13,2002,,2002-12-18,"['Adventure Epic', 'Dark Fantasy', 'Epic', 'Fantasy Epic', 'Quest', 'Sword & Sorcery', 'Adventure', 'Drama', 'Fantasy']","['NZ', 'US']","['http://www.lordoftherings.net/', 'https://www.facebook.com/lordoftheringstrilogy']",['en'],"['Hinuera Valley, Matamata, Waikato, New Zealand']","[{'id': 'co0046718', 'name': 'New Line Cinema'}, {'id': 'co0046203', 'name': 'WingNut Films'}, {'id': 'co0061706', 'name': 'The Saul Zaentz Company'}]",94000000,938242927,"['Adventure', 'Drama', 'Fantasy']",False,179,8.8,1859968
tt0137523,https://www.imdb.com/title/tt0137523/,Fight Club,Fight Club,movie,An insomniac office worker and a devil-may-care soap maker form an underground fight club that evolves into much more.,https://m.media-amazon.com/images/M/MV5BOTgyOGQ1NDItNGU3Ny00MjU3LTg2YWEtNmEyYjBiMjI1Y2M5XkEyXkFqcGc@._V1_.jpg,R,1999,,1999-10-15,"['Psychological Drama', 'Workplace Drama', 'Drama']","['DE', 'US']","['https://www.facebook.com/FightClub', 'https://www.foxmovies.com/movies/fight-club']",['en'],"['240 North Neptune Avenue, Los Angeles, California, USA']","[{'id': 'co0017497', 'name': 'Fox 2000 Pictures'}, {'id': 'co0007127', 'name': 'New Regency Productions'}, {'id': 'co0038102', 'name': 'Linson Films'}]",63000000,101321009,['Drama'],False,139,8.8,2442852
tt1375666,https://www.imdb.com/title/tt1375666/,Inception,Inception,movie,"A thief who steals corporate secrets through the use of dream-sharing technology is given the inverse task of planting an idea into the mind of a C.E.O., but his tragic past may doom the project and his team to disaster.",https://m.media-amazon.com/images/M/MV5BMjAxMzY3NjcxNF5BMl5BanBnXkFtZTcwNTI5OTM0Mw@@._V1_.jpg,PG-13,2010,,2010-07-16,"['Action Epic', 'Adventure Epic', 'Psychological Thriller', 'Sci-Fi Epic', 'Action', 'Adventure', 'Sci-Fi', 'Thriller']","['US', 'GB']","['http://wwws.warnerbros.co.jp/inception/', 'http://inceptionmovie.warnerbros.com/']","['en', 'ja', 'fr']","['Fortress Mountain, Kananaskis Country, Alberta, Canada']","[{'id': 'co0002663', 'name': 'Warner Bros.'}, {'id': 'co0159111', 'name': 'Legendary Entertainment'}, {'id': 'co0147954', 'name': 'Syncopy'}]",160000000,839030630,"['Action', 'Adventure', 'Sci-Fi']",False,148,8.8,2663542
tt0080684,https://www.imdb.com/title/tt0080684/,Star Wars: Episode V - The Empire Strikes Back,Star Wars: Episode V - The Empire Strikes Back,movie,"After the Empire overpowers the Rebel Alliance, Luke Skywalker begins his Jedi training with Yoda. At the same time, Darth Vader and bounty hunter Boba Fett pursue his friends across the galaxy.",https://m.media-amazon.com/images/M/MV5BMTkxNGFlNDktZmJkNC00MDdhLTg0MTEtZjZiYWI3MGE5NWIwXkEyXkFqcGc@._V1_.jpg,PG,1980,,1980-06-18,"['Action Epic', 'Adventure Epic', 'Dark Fantasy', 'Fantasy Epic', 'Quest', 'Sci-Fi Epic', 'Space Sci-Fi', 'Sword & Sorcery', 'Action', 'Adventure']",['US'],"['https://www.lucasfilm.com/productions/episode-v/', 'https://www.starwars.com/films/star-wars-episode-v-the-empire-strikes-back']",['en'],"['Hardangerjøkulen Glacier, Finse, Norway']","[{'id': 'co0071326', 'name': 'Lucasfilm'}]",18000000,550016086,"['Action', 'Adventure', 'Fantasy']",False,124,8.7,1431042
tt0133093,https://www.imdb.com/title/tt0133093/,The Matrix,The Matrix,movie,"When a beautiful stranger leads computer hacker Neo to a forbidding underworld, he discovers the shocking truth--the life he knows is the elaborate deception of an evil cyber-intelligence.",https://m.media-amazon.com/images/M/MV5BN2NmN2VhMTQtMDNiOS00NDlhLTliMjgtODE2ZTY0ODQyNDRhXkEyXkFqcGc@._V1_.jpg,R,1999,,1999-03-31,"['Action Epic', 'Artificial Intelligence', 'Cyberpunk', 'Dystopian Sci-Fi', 'Gun Fu', 'Martial Arts', 'Sci-Fi Epic', 'Action', 'Sci-Fi']","['US', 'AU']","['https://play.hbomax.com/feature/urn:hbo:feature:GXdu2VgPdq5uAuwEAADak', 'https://www.facebook.com/TheMatrixMovie/']",['en'],"['Nashville, Tennessee, USA']","[{'id': 'co0002663', 'name': 'Warner Bros.'}, {'id': 'co0108864', 'name': 'Village Roadshow Pictures'}, {'id': 'co0060075', 'name': 'Groucho Film Partnership'}]",63000000,467840449,"['Action', 'Sci-Fi']",False,136,8.7,2140326
tt0099685,https://www.imdb.com/title/tt0099685/,Goodfellas,GoodFellas,movie,"The story of Henry Hill and his life in the mafia, covering his relationship with his wife Karen and his mob partners Jimmy Conway and Tommy DeVito.",https://m.media-amazon.com/images/M/MV5BN2E5NzI2ZGMtY2VjNi00YTRjLWI1MDUtZGY5OWU1MWJjZjRjXkEyXkFqcGc@._V1_.jpg,R,1990,,1990-09-21,"['Docudrama', 'Gangster', 'True Crime', 'Biography', 'Crime', 'Drama']",['US'],['https://archive.org/embed/goodfellas.-1990.1080p.-blu-ray.x-264-yts.-am'],"['en', 'it', 'he', 'yi']","['The Oriental Manor, 1818 86th St, Brooklyn, New York City, New York, USA']","[{'id': 'co0002663', 'name': 'Warner Bros.'}]",25000000,47055110,"['Biography', 'Crime', 'Drama']",False,145,8.7,1314846
tt0073486,https://www.imdb.com/title/tt0073486/,One Flew Over the Cuckoo's Nest,One Flew Over the Cuckoo's Nest,movie,"In the Fall of 1963, a Korean War veteran and criminal pleads insanity and is admitted to a mental institution, where he rallies up the scared patients against the tyrannical nurse.",https://m.media-amazon.com/images/M/MV5BYjBkMjgzMzYtNzRiMS00NDc3LWE4YTUtZjYxYjZhNjNhYzhhXkEyXkFqcGc@._V1_.jpg,R,1975,,1975-11-19,"['Medical Drama', 'Psychological Drama', 'Drama']",['US'],,['en'],"['Oregon State Mental Hospital - 2600 Center Street NE, Salem, Oregon, USA']","[{'id': 'co0066949', 'name': 'Fantasy Films'}, {'id': 'co0046377', 'name': 'N.V. Zvaluw'}]",3000000,109115366,['Drama'],False,133,8.7,1110174
tt0816692,https://www.imdb.com/title/tt0816692/,Interstellar,Interstellar,movie,"When Earth becomes uninhabitable in the future, a farmer and ex-NASA pilot, Joseph Cooper, is tasked to pilot a spacecraft, along with a team of researchers, to find a new planet for humans.",https://m.media-amazon.com/images/M/MV5BYzdjMDAxZGItMjI2My00ODA1LTlkNzItOWFjMDU5ZDJlYWY3XkEyXkFqcGc@._V1_.jpg,PG-13,2014,,2014-11-07,"['Adventure Epic', 'Epic', 'Quest', 'Sci-Fi Epic', 'Space Sci-Fi', 'Adventure', 'Drama', 'Sci-Fi']","['US', 'GB', 'CA']","['https://www.facebook.com/Interstellar', 'https://twitter.com/Interstellar']",['en'],['Iceland'],"[{'id': 'co0023400', 'name': 'Paramount Pictures'}, {'id': 'co0002663', 'name': 'Warner Bros.'}, {'id': 'co0159111', 'name': 'Legendary Entertainment'}]",165000000,732121575,"['Adventure', 'Drama', 'Sci-Fi']",False,169,8.7,2312856
tt0114369,https://www.imdb.com/title/tt0114369/,Se7en,Se7en,movie,"Two detectives, a rookie and a veteran, hunt a serial killer who uses the seven deadly sins as his motives.",https://m.media-amazon.com/images/M/MV5BY2IzNzMxZjctZjUxZi00YzAxLTk3ZjMtODFjODdhMDU5NDM1XkEyXkFqcGc@._V1_.jpg,R,1995,,1995-09-22,"['Cop Drama', 'Hard-boiled Detective', 'Legal Drama', 'Police Procedural', 'Psychological Thriller', 'Serial Killer', 'Crime', 'Drama', 'Mystery', 'Thriller']",['US'],['http://www.facebook.com/Se7en.Film'],['en'],"['Pacific Electric Building, Los Angeles, California, USA']","[{'id': 'co0027715', 'name': 'Arnold Kopelson Productions'}, {'id': 'co0078943', 'name': 'Cecchi Gori Pictures'}, {'id': 'co0043545', 'name': 'Juno Pix'}]",33000000,327333559,"['Crime', 'Drama', 'Mystery']",False,127,8.6,1894166
tt0038650,https://www.imdb.com/title/tt0038650/,It's a Wonderful Life,It's a Wonderful Life,movie,An angel is sent from Heaven to help a desperately frustrated businessman by showing him what life would have been like if he had never existed.,https://m.media-amazon.com/images/M/MV5BMDM4OWFhYjEtNTE5Yy00NjcyLTg5N2UtZDQwNDZlYjlmNDU5XkEyXkFqcGc@._V1_.jpg,PG,1946,,1947-01-07,"['Feel-Good Romance', 'Holiday Family', 'Holiday Romance', 'Psychological Drama', 'Drama', 'Family', 'Fantasy', 'Holiday', 'Romance']",['US'],['https://www.facebook.com/ItsAWonderfulLifeMovie'],"['en', 'fr']","['4587 Viro Road, La Cañada Flintridge, California, USA']","[{'id': 'co0196361', 'name': 'Liberty Films (II)'}]",3180000,9767242,"['Drama', 'Family', 'Fantasy']",False,130,8.6,524769
tt0047478,https://www.imdb.com/title/tt0047478/,Seven Samurai,Shichinin no samurai,movie,"Farmers from a village exploited by bandits hire a veteran samurai for protection, and he gathers six other samurai to join him.",https://m.media-amazon.com/images/M/MV5BZjliMWExOTMtZDQ3ZS00NWU3LWIyN2EtMjllNzk3ZTNlYzg4XkEyXkFqcGc@._V1_.jpg,Not Rated,1954,,1956-11-19,"['Action Epic', 'Epic', 'Period Drama', 'Drama']",['JP'],,['ja'],"['Izu Peninsula, Shizuoka, Japan']","[{'id': 'co0002219', 'name': 'Toho'}]",125000000,1065287,"['Action', 'Drama']",False,207,8.6,381585
tt0102926,https://www.imdb.com/title/tt0102926/,The Silence of the Lambs,The Silence of the Lambs,movie,"A young F.B.I. cadet must receive the help of an incarcerated and manipulative cannibal killer to help catch another serial killer, a madman who skins his victims.",https://m.media-amazon.com/images/M/MV5BNDdhOGJhYzctYzYwZC00YmI2LWI0MjctYjg4ODdlMDExYjBlXkEyXkFqcGc@._V1_.jpg,R,1991,,1991-02-14,"['Police Procedural', 'Psychological Drama', 'Psychological Thriller', 'Serial Killer', 'Crime', 'Drama', 'Thriller']",['US'],['https://www.facebook.com/TheSilenceOfTheLambsMovie/'],"['en', 'la']","['Bimini Airport, South Bimini Island, Bimini Islands, Bahamas']","[{'id': 'co0165563', 'name': 'Strong Heart/Demme Production'}, {'id': 'co0001995', 'name': 'Orion Pictures'}]",19000000,272742922,"['Crime', 'Drama', 'Horror']",False,118,8.6,1621428
tt0120815,https://www.imdb.com/title/tt0120815/,Saving Private Ryan,Saving Private Ryan,movie,"Following the Normandy Landings, a group of U.S. soldiers go behind enemy lines to retrieve a paratrooper whose brothers have been killed in action.",https://m.media-amazon.com/images/M/MV5BZGZhZGQ1ZWUtZTZjYS00MDJhLWFkYjctN2ZlYjE5NWYwZDM2XkEyXkFqcGc@._V1_.jpg,R,1998,,1998-07-24,"['Epic', 'War Epic', 'Drama', 'War']",['US'],"['https://www.facebook.com/SavingPrivateRyanMovie/', 'https://twitter.com/SavingPFCRyan']","['en', 'fr', 'de', 'cs']","['Curracloe Beach, Ballinesker, County Wexford, Ireland']","[{'id': 'co0819670', 'name': 'Dreamworks Pictures'}, {'id': 'co0023400', 'name': 'Paramount Pictures'}, {'id': 'co0009119', 'name': 'Amblin Entertainment'}]",70000000,482351251,"['Drama', 'War']",False,169,8.6,1558770
tt0317248,https://www.imdb.com/title/tt0317248/,City of God,Cidade de Deus,movie,"In the slums of Rio, two kids' paths diverge as one struggles to become a photographer and the other a kingpin.",https://m.media-amazon.com/images/M/MV5BYjY4NGI5OTUtY2ZlZS00Zjk4LTk5N2MtN2JmYWVjNGNmMGRlXkEyXkFqcGc@._V1_.jpg,R,2002,,2004-02-13,"['Caper', 'Coming-of-Age', 'Gangster', 'Crime', 'Drama']","['BR', 'FR']","['https://www.facebook.com/CityofGod', 'http://www.miramax.com/movie/city-of-god']",['pt'],"['Rio de Janeiro, Rio de Janeiro, Brazil']","[{'id': 'co0069394', 'name': 'O2 Filmes'}, {'id': 'co0018942', 'name': 'VideoFilmes'}, {'id': 'co0026273', 'name': 'Globo Filmes'}]",3300000,30680793,"['Crime', 'Drama']",False,130,8.6,832285
tt0120689,https://www.imdb.com/title/tt0120689/,The Green Mile,The Green Mile,movie,"Paul Edgecomb, the head guard of a prison, meets an inmate, John Coffey, a black man who is accused of murdering two girls. His life changes drastically when he discovers that John has a special gift.",https://m.media-amazon.com/images/M/MV5BMTUxMzQyNjA5MF5BMl5BanBnXkFtZTYwOTU2NTY3._V1_.jpg,R,1999,,1999-12-10,"['Period Drama', 'Prison Drama', 'Supernatural Fantasy', 'Tragedy', 'Crime', 'Drama', 'Fantasy', 'Mystery']",['US'],"['https://www.facebook.com/TheGreenMileOfficial', 'http://www.thegreenmile.com/']","['en', 'fr']","['Tennessee State Penitentiary, Nashville, Tennessee, USA']","[{'id': 'co0040620', 'name': 'Castle Rock Entertainment'}, {'id': 'co0029398', 'name': 'Darkwoods Productions'}, {'id': 'co0002663', 'name': 'Warner Bros.'}]",60000000,286801374,"['Crime', 'Drama', 'Fantasy']",False,189,8.6,1474126
tt0118799,https://www.imdb.com/title/tt0118799/,Life Is Beautiful,La vita è bella,movie,"When an open-minded Jewish waiter and his son become victims of the Holocaust, he uses a perfect mixture of will, humor and imagination to protect his son from the dangers around their camp.",https://m.media-amazon.com/images/M/MV5BZTBhOGYzZjQtYzE0Mi00MGIwLWE0MWYtNzMxNTM2OTFkM2NjXkEyXkFqcGc@._V1_.jpg,PG-13,1997,,1997-12-20,"['Period Drama', 'Tragedy', 'Tragic Romance', 'Comedy', 'Drama', 'Romance', 'War']",['IT'],"['https://www.miramax.com/movie/life-is-beautiful-la-vita-e-bella/', 'http://www.facebook.com/LifeisBeautifulMovie']","['it', 'de', 'en']","['Arezzo, Tuscany, Italy']","[{'id': 'co0030298', 'name': 'Melampo Cinematografica'}, {'id': 'co0037028', 'name': 'Cecchi Gori Group Tiger Cinematografica'}]",20000000,230099013,"['Comedy', 'Drama', 'Romance']",False,116,8.6,772751
tt0103064,https://www.imdb.com/title/tt0103064/,Terminator 2: Judgment Day,Terminator 2: Judgment Day,movie,"A cyborg, identical to the one who failed to kill Sarah Connor, must now protect her ten year old son John from an even more advanced and powerful cyborg.",https://m.media-amazon.com/images/M/MV5BNGMyMGNkMDUtMjc2Ni00NWFlLTgyODEtZTY2MzBiZTg0OWZiXkEyXkFqcGc@._V1_.jpg,R,1991,,1991-07-03,"['Action Epic', 'Artificial Intelligence', 'Cyberpunk', 'Dystopian Sci-Fi', 'Sci-Fi Epic', 'Time Travel', 'Action', 'Adventure', 'Sci-Fi']","['US', 'FR']","['https://www.facebook.com/terminator2', 'http://www.terminator2-3d.de/']","['en', 'es']","['Bayside Parkway & Gateway Boulevard, Fremont, California, USA']","[{'id': 'co0094459', 'name': 'Carolco Pictures'}, {'id': 'co0092551', 'name': 'Pacific Western'}, {'id': 'co0038663', 'name': 'Lightstorm Entertainment'}]",102000000,517778573,"['Action', 'Adventure', 'Sci-Fi']",False,137,8.6,1223594
tt0076759,https://www.imdb.com/title/tt0076759/,Star Wars: Episode IV - A New Hope,Star Wars,movie,"Luke Skywalker joins forces with a Jedi Knight, a cocky pilot, a Wookiee and two droids to save the galaxy from the Empire's world-destroying battle station, while also attempting to rescue Princess Leia from the mysterious Darth Vader.",https://m.media-amazon.com/images/M/MV5BOGUwMDk0Y2MtNjBlNi00NmRiLTk2MWYtMGMyMDlhYmI4ZDBjXkEyXkFqcGc@._V1_.jpg,PG,1977,,1977-05-25,"['Action Epic', 'Adventure Epic', 'Fantasy Epic', 'Quest', 'Sci-Fi Epic', 'Space Sci-Fi', 'Sword & Sorcery', 'Action', 'Adventure', 'Fantasy']",['US'],"['https://www.hotstar.com/id/movies/star-wars-a-new-hope/1260016021', 'https://www.lucasfilm.com/productions/episode-iv/']",['en'],"['Tikal National Park, Guatemala']","[{'id': 'co0071326', 'name': 'Lucasfilm'}, {'id': 'co0000756', 'name': 'Twentieth Century Fox'}]",11000000,775398507,"['Action', 'Adventure', 'Fantasy']",False,121,8.6,1498365
tt0088763,https://www.imdb.com/title/tt0088763/,Back to the Future,Back to the Future,movie,"Marty McFly, a 17-year-old high school student, is accidentally sent 30 years into the past in a time-traveling DeLorean invented by his close friend, the maverick scientist Doc Brown.",https://m.media-amazon.com/images/M/MV5BZmM3ZjE0NzctNjBiOC00MDZmLTgzMTUtNGVlOWFlOTNiZDJiXkEyXkFqcGc@._V1_.jpg,PG,1985,,1985-07-03,"['High-Concept Comedy', 'Teen Adventure', 'Teen Comedy', 'Time Travel', 'Urban Adventure', 'Adventure', 'Comedy', 'Sci-Fi']",['US'],"['https://www.facebook.com/BTTF', 'http://www.backtothefuture.com/']",['en'],"['Whittier High School - 12417 E. Philadelphia Street, Whittier, California, USA']","[{'id': 'co0005073', 'name': 'Universal Pictures'}, {'id': 'co0009119', 'name': 'Amblin Entertainment'}, {'id': 'co0010110', 'name': 'U-Drive Productions'}]",19000000,384577472,"['Adventure', 'Comedy', 'Sci-Fi']",False,116,8.5,1366929
tt0245429,https://www.imdb.com/title/tt0245429/,Spirited Away,Sen to Chihiro no kamikakushi,movie,"During her family's move to the suburbs, a sullen 10-year-old girl wanders into a world ruled by gods, witches and spirits, and where humans are changed into beasts.",https://m.media-amazon.com/images/M/MV5BNTEyNmEwOWUtYzkyOC00ZTQ4LTllZmUtMjk0Y2YwOGUzYjRiXkEyXkFqcGc@._V1_.jpg,PG,2001,,2003-03-28,"['Anime', 'Coming-of-Age', 'Fairy Tale', 'Hand-Drawn Animation', 'Quest', 'Supernatural Fantasy', 'Adventure', 'Animation', 'Family', 'Fantasy']","['JP', 'US']","['http://movies.disney.com/spirited-away', 'http://disney.go.com/disneyvideos/animatedfilms/miyazaki/more_miyazaki.html']","['ja', 'en']",,"[{'id': 'co0016626', 'name': 'Tokuma Shoten'}, {'id': 'co0048420', 'name': 'Studio Ghibli'}, {'id': 'co0003850', 'name': 'Nippon Television Network (NTV)'}]",19000000,358110581,"['Adventure', 'Animation', 'Family']",False,124,8.6,900324
tt0253474,https://www.imdb.com/title/tt0253474/,The Pianist,The Pianist,movie,"During WWII, acclaimed Polish musician Wladyslaw faces various struggles as he loses contact with his family. As the situation worsens, he hides in the ruins of Warsaw in order to survive.",https://m.media-amazon.com/images/M/MV5BMjEwNmEwYjgtNTk3ZC00NjljLTg5ZDctZTY3ZGQwZjRkZmQxXkEyXkFqcGc@._V1_.jpg,R,2002,,2003-03-28,"['Docudrama', 'Epic', 'Period Drama', 'Tragedy', 'War Epic', 'Biography', 'Drama', 'Music', 'War']","['FR', 'PL', 'DE', 'GB', 'US']","['https://www.focusfeatures.com/the_pianist', 'https://www.facebook.com/The-Pianist-302717273113887/']","['en', 'de', 'ru']","['Instalatorów, Ochota, Warsaw, Mazowieckie, Poland']","[{'id': 'co0024473', 'name': 'R.P. Productions'}, {'id': 'co0030304', 'name': 'Heritage Films'}, {'id': 'co0053177', 'name': 'Studio Babelsberg'}]",35000000,120098945,"['Biography', 'Drama', 'Music']",False,150,8.5,960891
tt0172495,https://www.imdb.com/title/tt0172495/,Gladiator,Gladiator,movie,A former Roman General sets out to exact vengeance against the corrupt emperor who murdered his family and sent him into slavery.,https://m.media-amazon.com/images/M/MV5BYWQ4YmNjYjEtOWE1Zi00Y2U4LWI4NTAtMTU0MjkxNWQ1ZmJiXkEyXkFqcGc@._V1_.jpg,R,2000,,2000-05-05,"['Action Epic', 'Adventure Epic', 'Epic', 'Period Drama', 'Sword & Sandal', 'Action', 'Adventure', 'Drama']","['US', 'GB', 'MT', 'MA']",['https://www.facebook.com/GladiatorMovie/'],['en'],"['Ouarzazate, Morocco']","[{'id': 'co0819670', 'name': 'Dreamworks Pictures'}, {'id': 'co0005073', 'name': 'Universal Pictures'}, {'id': 'co0074212', 'name': 'Scott Free Productions'}]",103000000,465516248,"['Action', 'Adventure', 'Drama']",False,155,8.5,1743852
tt6751668,https://www.imdb.com/title/tt6751668/,Parasite,Gisaengchung,movie,Greed and class discrimination threaten the newly formed symbiotic relationship between the wealthy Park family and the destitute Kim clan.,https://m.media-amazon.com/images/M/MV5BYjk1Y2U4MjQtY2ZiNS00OWQyLWI3MmYtZWUwNmRjYWRiNWNhXkEyXkFqcGc@._V1_.jpg,R,2019,,2019-11-08,"['Dark Comedy', 'Korean Drama', 'Psychological Thriller', 'Tragedy', 'Drama', 'Thriller']",['KR'],"['https://www.barunsonena.com/en/contents/10', 'https://www.cjenm.com/en/featured-contents/parasite/']","['ko', 'en']","['Jahamun-ro, Buam-dong, Jongno-gu, Seoul, South Korea']","[{'id': 'co0043365', 'name': 'CJ Entertainment'}, {'id': 'co0197091', 'name': 'Barunson E&A'}]",11400000,262129969,"['Drama', 'Thriller']",False,132,8.5,1046887
tt0054215,https://www.imdb.com/title/tt0054215/,Psycho,Psycho,movie,A secretary on the run for embezzlement takes refuge at a secluded California motel owned by a repressed man and his overbearing mother.,https://m.media-amazon.com/images/M/MV5BYjZhMzFiZjItODA3ZC00MmRhLWIzMGYtMmVjOWUwYTA3MTRjXkEyXkFqcGc@._V1_.jpg,R,1960,,1960-09-08,"['Psychological Horror', 'Psychological Thriller', 'Slasher Horror', 'Suspense Mystery', 'Horror', 'Mystery', 'Thriller']",['US'],,['en'],"['Psycho House and Bates Motel, Backlot Universal Studios, Universal City, California, USA']","[{'id': 'co0137799', 'name': 'Alfred J. Hitchcock Productions'}, {'id': 'co0137800', 'name': 'Shamley Productions'}]",806947,32066765,"['Horror', 'Mystery', 'Thriller']",False,109,8.5,747929
tt0110357,https://www.imdb.com/title/tt0110357/,The Lion King,The Lion King,movie,"Lion prince Simba and his father are targeted by his bitter uncle, who wants to ascend the throne himself.",https://m.media-amazon.com/images/M/MV5BZGRiZDZhZjItM2M3ZC00Y2IyLTk3Y2MtMWY5YjliNDFkZTJlXkEyXkFqcGc@._V1_.jpg,G,1994,,1994-06-24,"['Animal Adventure', 'Coming-of-Age', 'Hand-Drawn Animation', 'Jungle Adventure', 'Adventure', 'Animation', 'Drama', 'Family', 'Fantasy', 'Musical']",['US'],"['https://www.facebook.com/DisneyTheLionKing', 'http://movies.disney.com/the-lion-king']","['en', 'sw', 'xh', 'zu']","['Walt Disney Animation Studios - 2100 Riverside Drive, Burbank, California, USA']","[{'id': 'co0008970', 'name': 'Walt Disney Pictures'}, {'id': 'co0074039', 'name': 'Walt Disney Animation Studios'}, {'id': 'co0075995', 'name': 'Walt Disney Feature Animation'}]",45000000,981708285,"['Adventure', 'Animation', 'Drama']",False,88,8.5,1193943
tt0095327,https://www.imdb.com/title/tt0095327/,Grave of the Fireflies,Hotaru no haka,movie,A young boy and his little sister struggle to survive in Japan during World War II.,https://m.media-amazon.com/images/M/MV5BNTY5MmE2OGMtN2IxNC00MDY4LTkwMGEtZDUzOTYyNWE0ZTNjXkEyXkFqcGc@._V1_.jpg,Not Rated,1988,,1989-07-26,"['Adult Animation', 'Anime', 'Hand-Drawn Animation', 'Period Drama', 'Animation', 'Drama', 'War']","['JP', 'US']",,['ja'],,"[{'id': 'co0057589', 'name': 'Shinchosha'}, {'id': 'co0048420', 'name': 'Studio Ghibli'}]",3700000,801143,"['Animation', 'Drama', 'War']",False,88,8.5,342812
tt0407887,https://www.imdb.com/title/tt0407887/,The Departed,The Departed,movie,An undercover cop and a mole in the police attempt to identify each other while infiltrating an Irish gang in South Boston.,https://m.media-amazon.com/images/M/MV5BMTI1MTY2OTIxNV5BMl5BanBnXkFtZTYwNjQ4NjY3._V1_.jpg,R,2006,,2006-10-06,"['Cop Drama', 'Epic', 'Gangster', 'Crime', 'Drama', 'Thriller']","['US', 'HK']",,['en'],"['SUNY Maritime College, Bronx, New York City, New York, USA']","[{'id': 'co0002663', 'name': 'Warner Bros.'}, {'id': 'co0136967', 'name': 'Plan B Entertainment'}, {'id': 'co0011877', 'name': 'Initial Entertainment Group (IEG)'}]",90000000,291481358,"['Crime', 'Drama', 'Thriller']",False,151,8.5,1477495
tt2582802,https://www.imdb.com/title/tt2582802/,Whiplash,Whiplash,movie,A promising young drummer enrolls at a cut-throat music conservatory where his dreams of greatness are mentored by an instructor who will stop at nothing to realize a student's potential.,https://m.media-amazon.com/images/M/MV5BMmNkODhkYjctMDMyOC00ZTNjLTkwZTItM2ExMTAxMGU1ZGQ1XkEyXkFqcGc@._V1_.jpg,R,2014,,2014-10-15,"['Psychological Drama', 'Drama', 'Music']",['US'],"['http://sonyclassics.com/whiplash/', 'http://www.advitamdistribution.com/whiplash/']",['en'],"['Santa Clarita, California, USA']","[{'id': 'co0135575', 'name': 'Bold Films'}, {'id': 'co0098315', 'name': 'Blumhouse Productions'}, {'id': 'co0280848', 'name': 'Right of Way Films'}]",3300000,50360880,"['Drama', 'Music']",False,106,8.5,1061546
tt0056058,https://www.imdb.com/title/tt0056058/,Harakiri,Seppuku,movie,"When a ronin requesting seppuku at a feudal lord's palace is told of the brutal suicide of another ronin who previously visited, he reveals how their pasts are intertwined - and in doing so challenges the clan's integrity.",https://m.media-amazon.com/images/M/MV5BZThiZjU5ZDQtZDI4Mi00ZGYyLTkzOTktYmIzZTFlZTkxYzg5XkEyXkFqcGc@._V1_.jpg,Not Rated,1962,,1964-08-04,"['Period Drama', 'Drama', 'Mystery']",['JP'],,['ja'],"['Kyoto, Kyoto, Japan']","[{'id': 'co0007001', 'name': 'Shochiku'}]",,15222,"['Drama', 'Mystery']",False,133,8.6,78283
tt0120586,https://www.imdb.com/title/tt0120586/,American History X,American History X,movie,"Living a life marked by violence, neo-Nazi Derek finally goes to prison after killing two black youths. Upon his release, Derek vows to change; he hopes to prevent his brother, Danny, who idolizes Derek, from following in his footsteps.",https://m.media-amazon.com/images/M/MV5BMzhiOTQ0NDItOTg0Zi00OGVmLWE0OGEtMTI4NDM0NWMxZWU4XkEyXkFqcGc@._V1_.jpg,R,1998,,1998-11-20,"['Prison Drama', 'Tragedy', 'Crime', 'Drama']",['US'],"['https://www.facebook.com/americanhistoryxmovie/', 'https://www.warnerbros.com/movies/american-history-x']",['en'],"['Venice High School - 13000 Venice Boulevard, Venice, Los Angeles, California, USA']","[{'id': 'co0046718', 'name': 'New Line Cinema'}, {'id': 'co0074787', 'name': 'Savoy Pictures'}, {'id': 'co0023612', 'name': 'The Turman-Morrissey Company'}]",20000000,23875714,"['Crime', 'Drama']",False,119,8.5,1225102
tt0482571,https://www.imdb.com/title/tt0482571/,The Prestige,The Prestige,movie,Rival 19th-century magicians engage in a bitter battle for trade secrets.,https://m.media-amazon.com/images/M/MV5BMjA4NDI0MTIxNF5BMl5BanBnXkFtZTYwNTM0MzY2._V1_.jpg,PG-13,2006,,2006-10-20,"['Period Drama', 'Steampunk', 'Tragedy', 'Drama', 'Mystery', 'Sci-Fi', 'Thriller']","['GB', 'US']",,['en'],"['Durango and Silverton Narrow Gauge Railroad, Colorado, USA']","[{'id': 'co0049348', 'name': 'Touchstone Pictures'}, {'id': 'co0002663', 'name': 'Warner Bros.'}, {'id': 'co0129644', 'name': 'Newmarket Films'}]",40000000,109676311,"['Drama', 'Mystery', 'Sci-Fi']",False,130,8.5,1503703
tt0110413,https://www.imdb.com/title/tt0110413/,Léon: The Professional,Léon,movie,"12-year-old Mathilda is reluctantly taken in by Léon, a professional assassin, after her family is murdered. An unusual relationship forms as she becomes his protégée and learns the assassin's trade.",https://m.media-amazon.com/images/M/MV5BNGRkYTNhOWQtYmI0Ni00MjZhLWJmMzAtMTA2Mjg4NGNiNDU0XkEyXkFqcGc@._V1_.jpg,R,1994,,1994-11-18,"['Gangster', 'One-Person Army Action', 'Action', 'Crime', 'Drama', 'Thriller']","['FR', 'US']",['https://leon.officialwebsite.art/'],"['en', 'it', 'fr']","['Paris, France']","[{'id': 'co0050868', 'name': 'Columbia Pictures'}, {'id': 'co0172053', 'name': 'Gaumont'}, {'id': 'co0008826', 'name': 'Les Films du Dauphin'}]",16000000,20278356,"['Action', 'Crime', 'Drama']",False,110,8.5,1294984
tt9362722,https://www.imdb.com/title/tt9362722/,Spider-Man: Across the Spider-Verse,Spider-Man: Across the Spider-Verse,movie,"Miles Morales catapults across the multiverse, where he encounters a team of Spider-People charged with protecting its very existence. When the heroes clash on how to handle a new threat, Miles must redefine what it means to be a hero.",https://m.media-amazon.com/images/M/MV5BNThiZjA3MjItZGY5Ni00ZmJhLWEwN2EtOTBlYTA4Y2E0M2ZmXkEyXkFqcGc@._V1_.jpg,PG,2023,,2023-06-02,"['Computer Animation', 'Superhero', 'Supernatural Fantasy', 'Teen Adventure', 'Urban Adventure', 'Action', 'Adventure', 'Animation', 'Family', 'Fantasy']",['US'],['https://www.acrossthespiderverse.movie/'],['en'],,"[{'id': 'co0050868', 'name': 'Columbia Pictures'}, {'id': 'co0047120', 'name': 'Marvel Entertainment'}, {'id': 'co0180492', 'name': 'Avi Arad Productions'}]",150000000,690824738,"['Action', 'Adventure', 'Animation']",False,140,8.5,442751
tt0034583,https://www.imdb.com/title/tt0034583/,Casablanca,Casablanca,movie,A cynical expatriate American cafe owner struggles to decide whether or not to help his former lover and her fugitive husband escape the Nazis in French Morocco.,https://m.media-amazon.com/images/M/MV5BNWEzN2U1YTYtYTQyMS00NTVkLWE2NGQtZWFlMmM0MDNjMmRiXkEyXkFqcGc@._V1_.jpg,PG,1942,,1943-01-23,"['Drama', 'Romance', 'War']",['US'],['https://www.facebook.com/CasablancaTheMovie'],"['en', 'fr', 'de', 'it', 'ru']","['Waterman Drive, Van Nuys, Los Angeles, California, USA']","[{'id': 'co0002663', 'name': 'Warner Bros.'}]",950000,4720495,"['Drama', 'Romance', 'War']",False,102,8.5,627929
tt0114814,https://www.imdb.com/title/tt0114814/,The Usual Suspects,The Usual Suspects,movie,The sole survivor of a pier shoot-out tells the story of how a notorious criminal influenced the events that began with five criminals meeting in a seemingly random police lineup.,https://m.media-amazon.com/images/M/MV5BOTE5MDUxZDUtZWZmZC00NDVmLWFhOGQtNWI2YTc4NzY3MGQ0XkEyXkFqcGc@._V1_.jpg,R,1995,,1995-08-16,"['Gangster', 'Heist', 'Psychological Drama', 'Psychological Thriller', 'Suspense Mystery', 'Whodunnit', 'Crime', 'Drama', 'Mystery', 'Thriller']","['US', 'DE']",['https://www.facebook.com/usualsuspectsmovie/'],"['en', 'hu', 'es', 'fr']","[""Korean Friendship Bell, Angel's Gate Park - 3601 Gaffey Street, San Pedro, Los Angeles, California, USA""]","[{'id': 'co0106129', 'name': 'PolyGram Filmed Entertainment'}, {'id': 'co0033402', 'name': 'Spelling Films International'}, {'id': 'co0082030', 'name': 'Blue Parrot'}]",6000000,23341568,"['Crime', 'Drama', 'Mystery']",False,106,8.5,1183500
tt1675434,https://www.imdb.com/title/tt1675434/,The Intouchables,Intouchables,movie,"After he becomes a quadriplegic from a paragliding accident, an aristocrat hires a young man from the projects to be his caregiver.",https://m.media-amazon.com/images/M/MV5BMTYxNDA3MDQwNl5BMl5BanBnXkFtZTcwNTU4Mzc1Nw@@._V1_.jpg,R,2011,,2011-11-02,"['Docudrama', 'Comedy', 'Drama']",['FR'],"['https://www.facebook.com/theintouchables', 'https://myflixer.life/']","['fr', 'en']","['Cabourg, Calvados, France']","[{'id': 'co0093197', 'name': 'Quad'}, {'id': 'co0387248', 'name': 'Ten Films'}, {'id': 'co0028557', 'name': 'Canal+'}]",9500000,426590315,"['Comedy', 'Drama']",False,112,8.5,970929
tt0095765,https://www.imdb.com/title/tt0095765/,Cinema Paradiso,Nuovo Cinema Paradiso,movie,"Salvatore, a famous film director, returns to his hometown for the funeral of the local theater's film projectionist, Alfredo. He reminisces about his life as a young boy falling in love with cinema.",https://m.media-amazon.com/images/M/MV5BMTljNzc4YWEtYTZlMS00ODMyLWIwMTAtNWQxY2VkMDEwYTk5XkEyXkFqcGc@._V1_.jpg,PG,1988,,1990-02-23,"['Coming-of-Age', 'Drama', 'Romance']","['IT', 'FR']","['https://www.facebook.com/CinemaParadisoMovie', 'http://www.miramax.com/movie/cinema-paradiso']",['it'],"['Cefalù, Palermo, Sicily, Italy']","[{'id': 'co0013358', 'name': 'Cristaldifilm'}, {'id': 'co0042444', 'name': 'Les Films Ariane'}, {'id': 'co0009359', 'name': 'Rai 3'}]",5000000,13020497,"['Drama', 'Romance']",False,174,8.5,298966
tt0027977,https://www.imdb.com/title/tt0027977/,Modern Times,Modern Times,movie,The Tramp struggles to live in modern industrial society with the help of a young homeless woman.,https://m.media-amazon.com/images/M/MV5BODVkZGFhNGQtYjdiYi00Njc4LWFmYTItNTlmNzJjMTg1ZDc5XkEyXkFqcGc@._V1_.jpg,G,1936,,1936-02-25,"['Slapstick', 'Comedy', 'Drama', 'Romance']",['US'],"['https://www.instagram.com/charliechaplinofficial/', 'https://www.charliechaplin.com/en/films/6-Modern-Times']",['en'],"['Sierra Hwy. & Penman Rd., Santa Clarita, California, USA']","[{'id': 'co0028083', 'name': 'Charles Chaplin Productions'}]",1500000,463618,"['Comedy', 'Drama', 'Romance']",False,87,8.5,271043
tt0078748,https://www.imdb.com/title/tt0078748/,Alien,Alien,movie,"After investigating a mysterious transmission of unknown origin, the crew of a commercial spacecraft encounters a deadly lifeform.",https://m.media-amazon.com/images/M/MV5BN2NhMDk2MmEtZDQzOC00MmY5LThhYzAtMDdjZGFjOGZjMjdjXkEyXkFqcGc@._V1_.jpg,R,1979,,1979-06-22,"['Cyberpunk', 'Monster Horror', 'Space Sci-Fi', 'Horror', 'Sci-Fi']","['GB', 'US']",['https://www.facebook.com/alienanthology/'],['en'],"['Shepperton Studios, Shepperton, Surrey, England, UK']","[{'id': 'co0000756', 'name': 'Twentieth Century Fox'}, {'id': 'co0132161', 'name': 'Brandywine Productions'}, {'id': 'co0074212', 'name': 'Scott Free Productions'}]",11000000,108610218,"['Horror', 'Sci-Fi']",False,117,8.5,1009029
tt0047396,https://www.imdb.com/title/tt0047396/,Rear Window,Rear Window,movie,A bored photographer recovering from a broken leg passes the time by watching his neighbors and begins to suspect one of them of murder.,https://m.media-amazon.com/images/M/MV5BODZhOWI1ODgtMzdiOS00YjNkLTgwOGUtYmIyZDg5ZmQwMzQ1XkEyXkFqcGc@._V1_.jpg,PG,1954,,1954-09-01,"['Suspense Mystery', 'Drama', 'Mystery', 'Thriller']",['US'],,['en'],"['Stage 18, Paramount Studios - 5555 Melrose Avenue, Hollywood, Los Angeles, California, USA']","[{'id': 'co0137799', 'name': 'Alfred J. Hitchcock Productions'}]",1000000,37043820,"['Drama', 'Mystery', 'Thriller']",False,112,8.5,542868
tt0064116,https://www.imdb.com/title/tt0064116/,Once Upon a Time in the West,C'era una volta il West,movie,A mysterious stranger with a harmonica joins forces with a notorious desperado to protect a beautiful widow from a ruthless assassin working for the railroad.,https://m.media-amazon.com/images/M/MV5BZjYyNGY1MDEtN2I1MC00MGVhLTljZTYtODQ1NzQ0ODc2NzZlXkEyXkFqcGc@._V1_.jpg,PG-13,1968,,1969-07-04,"['Desert Adventure', 'Spaghetti Western', 'Western Epic', 'Drama', 'Western']","['IT', 'US']",,"['it', 'en', 'es']","['Monument Valley, Arizona, USA']","[{'id': 'co0021811', 'name': 'Rafran Cinematografica'}, {'id': 'co0067506', 'name': 'San Marco'}, {'id': 'co0023400', 'name': 'Paramount Pictures'}]",5000000,5435312,"['Drama', 'Western']",False,166,8.5,365571
tt1853728,https://www.imdb.com/title/tt1853728/,Django Unchained,Django Unchained,movie,"With the help of a German bounty-hunter, a freed slave sets out to rescue his wife from a brutal plantation owner in Mississippi.",https://m.media-amazon.com/images/M/MV5BMjIyNTQ5NjQ1OV5BMl5BanBnXkFtZTcwODg1MDU4OA@@._V1_.jpg,R,2012,,2012-12-25,"['Dark Comedy', 'Epic', 'Period Drama', 'Western Epic', 'Comedy', 'Drama', 'Western']",['US'],['https://www.facebook.com/unchainedmovie'],"['en', 'de', 'fr', 'it']","['Evergreen Plantation - 4677 Highway 18, Edgard, Louisiana, USA']","[{'id': 'co0150452', 'name': 'The Weinstein Company'}, {'id': 'co0050868', 'name': 'Columbia Pictures'}]",100000000,426076293,['Western'],False,165,8.5,1775422
tt0021749,https://www.imdb.com/title/tt0021749/,City Lights,City Lights,movie,"With the aid of a wealthy erratic tippler, a dewy-eyed tramp who has fallen in love with a sightless flower girl accumulates money to be able to help her medically.",https://m.media-amazon.com/images/M/MV5BM2U4NjgzODUtODkyOC00YTE2LTlhNTItYzFlYmM1NTEzZDA2XkEyXkFqcGc@._V1_.jpg,G,1931,,1931-03-07,"['Feel-Good Romance', 'Romantic Comedy', 'Slapstick', 'Comedy', 'Drama', 'Romance']",['US'],['https://www.instagram.com/charliechaplinofficial/'],['en'],"['Chaplin Studios - 1416 N. La Brea Avenue, Hollywood, Los Angeles, California, USA']","[{'id': 'co0028083', 'name': 'Charles Chaplin Productions'}]",1500000,55154,"['Comedy', 'Drama', 'Romance']",False,87,8.5,205594
tt0078788,https://www.imdb.com/title/tt0078788/,Apocalypse Now,Apocalypse Now,movie,A U.S. Army officer serving in Vietnam is tasked with assassinating a renegade Special Forces Colonel who sees himself as a god.,https://m.media-amazon.com/images/M/MV5BZDhiMTljYjYtODc1Yy00MmEwLTg2OTYtYmE1YTRmNDE4MmEwXkEyXkFqcGc@._V1_.jpg,R,1979,,1979-08-15,"['Adventure Epic', 'Epic', 'Psychological Drama', 'Quest', 'War Epic', 'Drama', 'Mystery', 'War']",['US'],"['https://www.lionsgate.com/movies/apocalypse-now', 'https://www.facebook.com/ApocalypseNowMovie/']","['en', 'fr', 'vi']","['Baler Bay, Baler, Aurora, Philippines']","[{'id': 'co0020958', 'name': 'American Zoetrope'}, {'id': 'co0035894', 'name': 'Zoetrope Studios'}]",31500000,105090566,"['Drama', 'Mystery', 'War']",False,147,8.4,737326
tt15239678,https://www.imdb.com/title/tt15239678/,Dune: Part Two,Dune: Part Two,movie,"Paul Atreides unites with the Fremen while on a warpath of revenge against the conspirators who destroyed his family. Facing a choice between the love of his life and the fate of the universe, he endeavors to prevent a terrible future.",https://m.media-amazon.com/images/M/MV5BNTc0YmQxMjEtODI5MC00NjFiLTlkMWUtOGQ5NjFmYWUyZGJhXkEyXkFqcGc@._V1_.jpg,PG-13,2024,,2024-03-01,"['Action Epic', 'Desert Adventure', 'Epic', 'Sci-Fi Epic', 'Space Sci-Fi', 'Action', 'Adventure', 'Drama', 'Sci-Fi']","['US', 'CA', 'AE', 'HU', 'IT', 'NZ', 'JO', 'GM']",['https://www.dunemovie.com/'],['en'],"['Wadi Rum, Jordan']","[{'id': 'co0002663', 'name': 'Warner Bros.'}, {'id': 'co0159111', 'name': 'Legendary Entertainment'}, {'id': 'co0753601', 'name': 'Villeneuve Films'}]",190000000,714644358,"['Action', 'Adventure', 'Drama']",False,166,8.5,612523
tt0209144,https://www.imdb.com/title/tt0209144/,Memento,Memento,movie,"Leonard Shelby, an insurance investigator, suffers from anterograde amnesia and uses notes and tattoos to hunt for the man he thinks killed his wife, which is the last thing he remembers.",https://m.media-amazon.com/images/M/MV5BYmQ3MjliNjAtNWFiZS00YWI1LTlmZTktMzBiNDE1NjRhZjU0XkEyXkFqcGc@._V1_.jpg,R,2000,,2001-05-25,"['Psychological Thriller', 'Suspense Mystery', 'Mystery', 'Thriller']",['US'],"['https://www.filmymen.us/2022/11/memento-movie-memento-full-movie-2000.html', 'http://www.otnemem.com/']",['en'],"['Travel Inn - 7254 Foothill Blvd., Tujunga, Los Angeles, California, USA']","[{'id': 'co0082027', 'name': 'Newmarket Capital Group'}, {'id': 'co0050544', 'name': 'Team Todd'}, {'id': 'co0156819', 'name': 'I Remember Productions'}]",9000000,40047236,"['Mystery', 'Thriller']",False,113,8.4,1370426
tt0910970,https://www.imdb.com/title/tt0910970/,WALL·E,WALL·E,movie,"A robot who is responsible for cleaning a waste-covered Earth meets another robot and falls in love with her. Together, they set out on a journey that will alter the fate of mankind.",https://m.media-amazon.com/images/M/MV5BMjExMTg5OTU0NF5BMl5BanBnXkFtZTcwMjMxMzMzMw@@._V1_.jpg,G,2008,,2008-06-27,"['Adventure Epic', 'Artificial Intelligence', 'Computer Animation', 'Dystopian Sci-Fi', 'Space Sci-Fi', 'Adventure', 'Animation', 'Family', 'Sci-Fi']","['US', 'JP']","['http://adisney.go.com/disneyvideos/animatedfilms/wall-e/', 'https://www.facebook.com/PixarWallE']",['en'],"['Walt Disney Animation Studios - 2100 Riverside Drive, Burbank, California, USA']","[{'id': 'co0008970', 'name': 'Walt Disney Pictures'}, {'id': 'co0017902', 'name': 'Pixar Animation Studios'}, {'id': 'co0622634', 'name': 'FortyFour Studios'}]",180000000,527403656,"['Adventure', 'Animation', 'Family']",False,98,8.4,1251320
tt0082971,https://www.imdb.com/title/tt0082971/,Raiders of the Lost Ark,Raiders of the Lost Ark,movie,"In 1936, archaeologists and adventurers of the U.S. government hired Indiana Jones to find the Ark of the Covenant before the Nazis could obtain its extraordinary powers.",https://m.media-amazon.com/images/M/MV5BOGNhMjg2ZjgtYzk4Ni00MTViLTg1MmUtYzM2MDZiYjZlMmU3XkEyXkFqcGc@._V1_.jpg,PG,1981,,1981-06-12,"['Adventure Epic', 'Desert Adventure', 'Globetrotting Adventure', 'Quest', 'Action', 'Adventure']",['US'],['https://www.facebook.com/IndianaJones/'],"['en', 'de', 'es', 'ne', 'he', 'ar']","['Sidi Bouhlel, Tozeur, Tunisia']","[{'id': 'co0023400', 'name': 'Paramount Pictures'}, {'id': 'co0071326', 'name': 'Lucasfilm'}]",18000000,389925971,"['Action', 'Adventure']",False,115,8.4,1068508
tt0405094,https://www.imdb.com/title/tt0405094/,The Lives of Others,Das Leben der Anderen,movie,"In 1984 East Berlin, an agent of the secret police conducting surveillance on a writer and his lover finds himself becoming increasingly absorbed by their lives.",https://m.media-amazon.com/images/M/MV5BYjM1N2Q0YWEtN2E5MC00NDM3LTk2NTEtMTc1NTk5OTA5ZGIzXkEyXkFqcGc@._V1_.jpg,R,2006,,2007-03-30,"['Political Thriller', 'Psychological Drama', 'Spy', 'Drama', 'Mystery', 'Thriller']","['DE', 'FR']",['http://www.thelivesofothers.com/'],['de'],"['Gedenkstätte Hohenschönhausen, Hohenschönhausen, Berlin, Germany']","[{'id': 'co0008261', 'name': 'Wiedemann & Berg Filmproduktion'}, {'id': 'co0051615', 'name': 'Bayerischer Rundfunk (BR)'}, {'id': 'co0014456', 'name': 'ARTE'}]",2000000,77672685,"['Drama', 'Mystery', 'Thriller']",False,137,8.4,425428
tt4154756,https://www.imdb.com/title/tt4154756/,Avengers: Infinity War,Avengers: Infinity War,movie,The Avengers and their allies must be willing to sacrifice all in an attempt to defeat the powerful Thanos before his blitz of devastation and ruin puts an end to the universe.,https://m.media-amazon.com/images/M/MV5BMjMxNjY2MDU1OV5BMl5BanBnXkFtZTgwNzY1MTUwNTM@._V1_.jpg,PG-13,2018,,2018-04-27,"['Space Sci-Fi', 'Superhero', 'Action', 'Adventure', 'Sci-Fi']","['US', 'NO']","['http://marvel.com/movies/movie/223/avengers_infinity_war', 'https://www.hotstar.com/in/movies/avengers-infinity-war/1660010677']",['en'],"['Cockburn Street, Edinburgh, City of Edinburgh, Scotland, UK']","[{'id': 'co0051941', 'name': 'Marvel Studios'}, {'id': 'co0265297', 'name': 'Jason Roberts Productions'}, {'id': 'co0713020', 'name': 'South Pictures'}]",321000000,2052415039,"['Action', 'Adventure', 'Sci-Fi']",False,149,8.4,1273866
tt0043014,https://www.imdb.com/title/tt0043014/,Sunset Boulevard,Sunset Boulevard,movie,A screenwriter develops a dangerous relationship with a faded film star determined to make a triumphant return.,https://m.media-amazon.com/images/M/MV5BMTU0NTkyNzYwMF5BMl5BanBnXkFtZTgwMDU0NDk5MTI@._V1_.jpg,Approved,1950,,1950-08-04,"['Film Noir', 'Psychological Drama', 'Showbiz Drama', 'Tragedy', 'Drama']",['US'],,['en'],"['10060 Sunset Blvd, Los Angeles, California, USA']","[{'id': 'co0023400', 'name': 'Paramount Pictures'}]",1752000,308663,"['Drama', 'Film-Noir']",False,110,8.4,247354
tt4633694,https://www.imdb.com/title/tt4633694/,Spider-Man: Into the Spider-Verse,Spider-Man: Into the Spider-Verse,movie,Teen Miles Morales becomes the Spider-Man of his universe and must join with five spider-powered individuals from other dimensions to stop a threat for all realities.,https://m.media-amazon.com/images/M/MV5BMjMwNDkxMTgzOF5BMl5BanBnXkFtZTgwNTkwNTQ3NjM@._V1_.jpg,PG,2018,,2018-12-14,"['Computer Animation', 'Superhero', 'Supernatural Fantasy', 'Teen Adventure', 'Urban Adventure', 'Action', 'Adventure', 'Animation', 'Comedy', 'Family']","['CA', 'US']",['http://www.intothespiderverse.movie/'],"['en', 'es']",,"[{'id': 'co0050868', 'name': 'Columbia Pictures'}, {'id': 'co0047120', 'name': 'Marvel Entertainment'}, {'id': 'co0180492', 'name': 'Avi Arad Productions'}]",90000000,393602435,"['Action', 'Adventure', 'Animation']",False,117,8.4,721614
tt0050825,https://www.imdb.com/title/tt0050825/,Paths of Glory,Paths of Glory,movie,A colonel defends three of his soldiers in a court-martial after they abandon a suicidal attack.,https://m.media-amazon.com/images/M/MV5BNmQ2NmI2ODYtMDQzNS00NzQyLTkzZjgtZmZlYTQ5MTc1OWU3XkEyXkFqcGc@._V1_.jpg,Approved,1957,,1957-12-25,"['Epic', 'War Epic', 'Drama', 'War']",['US'],,"['en', 'de', 'la']","['Schloß Schleißheim, Oberschleißheim, Bavaria, Germany']","[{'id': 'co0068126', 'name': 'Bryna Productions'}]",935000,8290,"['Drama', 'War']",False,88,8.4,224556
tt0051201,https://www.imdb.com/title/tt0051201/,Witness for the Prosecution,Witness for the Prosecution,movie,A veteran British barrister must defend his client in a murder trial that has surprise after surprise.,https://m.media-amazon.com/images/M/MV5BNjRhNTQzMzQtMWViMi00ODQ1LTg0MTEtYWE4ZWZlYjM4YjJhXkEyXkFqcGc@._V1_.jpg,Approved,1957,,1958-02-06,"['Legal Drama', 'Legal Thriller', 'Whodunnit', 'Crime', 'Drama', 'Mystery', 'Thriller']",['US'],,"['en', 'de']","['Metro-Goldwyn-Mayer Studios - 10202 W. Washington Blvd., Culver City, California, USA']","[{'id': 'co0134950', 'name': 'Edward Small Productions'}]",3000000,7903,"['Crime', 'Drama', 'Mystery']",False,116,8.4,148568
tt0081505,https://www.imdb.com/title/tt0081505/,The Shining,The Shining,movie,"A family heads to an isolated hotel for the winter, where a sinister presence influences the father into violence. At the same time, his psychic son sees horrifying forebodings from both the past and the future.",https://m.media-amazon.com/images/M/MV5BNmM5ZThhY2ItOGRjOS00NzZiLWEwYTItNDgyMjFkOTgxMmRiXkEyXkFqcGc@._V1_.jpg,R,1980,,1980-06-13,"['Psychological Drama', 'Psychological Horror', 'Supernatural Horror', 'Drama', 'Horror']","['GB', 'US']",,['en'],"['Timberline Lodge, Mount Hood, Oregon, USA']","[{'id': 'co0002663', 'name': 'Warner Bros.'}, {'id': 'co0113563', 'name': 'Hawk Films'}, {'id': 'co0025454', 'name': 'Peregrine'}]",19000000,47959450,"['Drama', 'Horror']",False,146,8.4,1159131
tt0032553,https://www.imdb.com/title/tt0032553/,The Great Dictator,The Great Dictator,movie,Dictator Adenoid Hynkel tries to expand his empire while a poor Jewish barber tries to avoid persecution from Hynkel's regime.,https://m.media-amazon.com/images/M/MV5BMjc4ZjEwNDUtMjlmZS00NzQ4LTg2N2MtMGI3ZjMyMmM3ZDM2XkEyXkFqcGc@._V1_.jpg,G,1940,,1941-03-07,"['Parody', 'Satire', 'Slapstick', 'Comedy', 'Drama', 'War']",['US'],"['https://www.instagram.com/charliechaplinofficial/', 'https://www.charliechaplin.com/en/films/7-The-Great-Dictator']","['en', 'eo', 'la']","['Santa Monica Mountains, Los Angeles, California, USA']","[{'id': 'co0028083', 'name': 'Charles Chaplin Productions'}]",2000000,972212,"['Comedy', 'Drama', 'War']",False,125,8.4,247582
tt23849204,https://www.imdb.com/title/tt23849204/,12th Fail,12th Fail,movie,The real-life story of IPS Officer Manoj Kumar Sharma and IRS Officer Shraddha Joshi.,https://m.media-amazon.com/images/M/MV5BNTE3OTIxZDYtNjA0NC00N2YxLTg1NGQtOTYxNmZkMDkwOWNjXkEyXkFqcGc@._V1_.jpg,,2023,,2023-10-27,"['Docudrama', 'Biography', 'Drama']",['IN'],"['https://www.123movieswiki.org/12th-fail/', 'https://www.hotstar.com/in/movies/12th-fail/1260161273']",['hi'],"['Chambal Valley, Madhya Pradesh, India']","[{'id': 'co0774661', 'name': 'Vinod Chopra Films'}, {'id': 'co0274702', 'name': 'Zee Studios'}]",,138288,"['Biography', 'Drama']",False,147,8.8,144466
tt0090605,https://www.imdb.com/title/tt0090605/,Aliens,Aliens,movie,"Decades after surviving the Nostromo incident, Ellen Ripley is sent out to re-establish contact with a terraforming colony but finds herself battling the Alien Queen and her offspring.",https://m.media-amazon.com/images/M/MV5BZjIyNGJhYzYtN2I1My00OTVhLWEyMzItZTVjNDMzOTVkYWViXkEyXkFqcGc@._V1_.jpg,R,1986,,1986-07-18,"['Alien Invasion', 'Cyberpunk', 'Space Sci-Fi', 'Action', 'Adventure', 'Sci-Fi', 'Thriller']","['GB', 'US']","['https://www.hotstar.com/id/movies/aliens/1770000953', 'https://play.hbomax.com/extra/urn:hbo:extra:GWi702QDuca6BwgEAAAE8']","['en', 'es']","['Acton Lane Power Station, Acton Lane, Acton, London, England, UK']","[{'id': 'co0000756', 'name': 'Twentieth Century Fox'}, {'id': 'co0132161', 'name': 'Brandywine Productions'}, {'id': 'co0041067', 'name': 'Pinewood Studios'}]",18500000,131060248,"['Action', 'Adventure', 'Horror']",False,137,8.4,804286
tt0361748,https://www.imdb.com/title/tt0361748/,Inglourious Basterds,Inglourious Basterds,movie,"In Nazi-occupied France during World War II, a plan to assassinate Nazi leaders by a group of Jewish U.S. soldiers coincides with a theatre owner's vengeful plans for the same.",https://m.media-amazon.com/images/M/MV5BODZhMWJlNjYtNDExNC00MTIzLTllM2ItOGQ2NGVjNDQ3MzkzXkEyXkFqcGc@._V1_.jpg,R,2009,,2009-08-21,"['Dark Comedy', 'Period Drama', 'Adventure', 'Drama', 'War']","['US', 'DE']","['https://www.facebook.com/inglouriousbasterds', 'http://basterds.ru/']","['en', 'de', 'fr', 'it']","['Brasserie La Renaissance, 112 rue Championnet, Paris 18, Paris, France']","[{'id': 'co0005073', 'name': 'Universal Pictures'}, {'id': 'co0150452', 'name': 'The Weinstein Company'}, {'id': 'co0019267', 'name': 'A Band Apart'}]",70000000,321460456,"['Adventure', 'Drama', 'War']",False,153,8.4,1666794
tt1345836,https://www.imdb.com/title/tt1345836/,The Dark Knight Rises,The Dark Knight Rises,movie,"Bane, an imposing terrorist, attacks Gotham City and disrupts its eight-year-long period of peace. This forces Bruce Wayne to come out of hiding and don the cape and cowl of Batman again.",https://m.media-amazon.com/images/M/MV5BMTk4ODQzNDY3Ml5BMl5BanBnXkFtZTcwODA0NTM4Nw@@._V1_.jpg,PG-13,2012,,2012-07-20,"['Action Epic', 'Epic', 'Superhero', 'Action', 'Drama', 'Thriller']","['US', 'GB']","['https://www.facebook.com/darkknighttrilogy', 'http://www.thedarkknightrises.com/']","['en', 'ar']","['Mehrangarh Fort, Jodhpur, Rajasthan, India']","[{'id': 'co0002663', 'name': 'Warner Bros.'}, {'id': 'co0159111', 'name': 'Legendary Entertainment'}, {'id': 'co0123927', 'name': 'DC Entertainment'}]",250000000,1114975066,"['Action', 'Drama', 'Thriller']",False,164,8.4,1900680
tt2380307,https://www.imdb.com/title/tt2380307/,Coco,Coco,movie,"Aspiring musician Miguel, confronted with his family's ancestral ban on music, enters the Land of the Dead to find his great-great-grandfather, a legendary singer.",https://m.media-amazon.com/images/M/MV5BMDIyM2E2NTAtMzlhNy00ZGUxLWI1NjgtZDY5MzhiMDc5NGU3XkEyXkFqcGc@._V1_.jpg,PG,2017,,2017-11-22,"['Computer Animation', 'Supernatural Fantasy', 'Adventure', 'Animation', 'Drama', 'Family', 'Fantasy', 'Music', 'Mystery']","['US', 'MX']","['https://www.facebook.com/PixarCoco', 'https://movies.disney.com/coco']","['en', 'es']","['Pixar Animation Studios - 1200 Park Avenue, Emeryville, California, USA']","[{'id': 'co0008970', 'name': 'Walt Disney Pictures'}, {'id': 'co0017902', 'name': 'Pixar Animation Studios'}, {'id': 'co0679476', 'name': 'Día de Muertos'}]",175000000,814641172,"['Adventure', 'Animation', 'Drama']",False,105,8.4,641644
tt0086879,https://www.imdb.com/title/tt0086879/,Amadeus,Amadeus,movie,"The life, success and troubles of Wolfgang Amadeus Mozart, as told by Antonio Salieri, the contemporaneous composer who was deeply jealous of Mozart's talent and claimed to have murdered him.",https://m.media-amazon.com/images/M/MV5BMzc2MjM0NTMtOGY4NC00NzY1LWE2ODUtZjMzY2RhNGNkZDAyXkEyXkFqcGc@._V1_.jpg,PG,1984,,1984-09-19,"['Costume Drama', 'Epic', 'Period Drama', 'Tragedy', 'Biography', 'Drama', 'Music']","['US', 'FR']",['https://www.facebook.com/AmadeusFilm'],"['en', 'it', 'la', 'de', 'fr']","['Barrandov Studios, Prague, Czech Republic']","[{'id': 'co0061706', 'name': 'The Saul Zaentz Company'}, {'id': 'co0001757', 'name': 'AMLF'}]",18000000,52075942,"['Biography', 'Drama', 'Music']",False,160,8.4,445927
tt0114709,https://www.imdb.com/title/tt0114709/,Toy Story,Toy Story,movie,A cowboy doll is profoundly threatened and jealous when a new spaceman action figure supplants him as top toy in a boy's bedroom.,https://m.media-amazon.com/images/M/MV5BZTA3OWVjOWItNjE1NS00NzZiLWE1MjgtZDZhMWI1ZTlkNzYwXkEyXkFqcGc@._V1_.jpg,G,1995,,1995-11-22,"['Buddy Comedy', 'Computer Animation', 'Supernatural Fantasy', 'Urban Adventure', 'Adventure', 'Animation', 'Comedy', 'Family', 'Fantasy']",['US'],"['https://www.facebook.com/PixarToyStory', 'http://toystory.disney.com/toy-story']",['en'],"['Pixar Animation Studios - 1200 Park Avenue, Emeryville, California, USA']","[{'id': 'co0008970', 'name': 'Walt Disney Pictures'}, {'id': 'co0017902', 'name': 'Pixar Animation Studios'}]",30000000,394436586,"['Adventure', 'Animation', 'Comedy']",False,81,8.3,1114452
tt4154796,https://www.imdb.com/title/tt4154796/,Avengers: Endgame,Avengers: Endgame,movie,"After the devastating events of Avengers: Infinity War (2018), the universe is in ruins. With the help of remaining allies, the Avengers assemble once more in order to reverse Thanos' actions and restore balance to the universe.",https://m.media-amazon.com/images/M/MV5BMTc5MDE2ODcwNV5BMl5BanBnXkFtZTgwMzI2NzQ2NzM@._V1_.jpg,PG-13,2019,,2019-04-26,"['Space Sci-Fi', 'Superhero', 'Time Travel', 'Tragedy', 'Action', 'Adventure', 'Drama', 'Sci-Fi']",['US'],"['https://www.marvel.com/movies/avengers-endgame', 'https://www.facebook.com/avengers']","['en', 'ja', 'xh', 'de']","['Durham Cathedral, The College, Durham, County Durham, England, UK']","[{'id': 'co0051941', 'name': 'Marvel Studios'}]",356000000,2799439100,"['Action', 'Adventure', 'Sci-Fi']",False,181,8.4,1341157
tt0119217,https://www.imdb.com/title/tt0119217/,Good Will Hunting,Good Will Hunting,movie,"Will Hunting, a janitor at MIT, has a gift for mathematics, but needs help from a psychologist to find direction in his life.",https://m.media-amazon.com/images/M/MV5BNDdjZGQ5YzEtNTc2My00Mjc0LWFlMTctYzkwMzZlNzdiZWYzXkEyXkFqcGc@._V1_.jpg,R,1997,,1998-01-09,"['Coming-of-Age', 'Psychological Drama', 'Drama', 'Romance']",['US'],"['http://www.facebook.com/GoodWillHuntingMovie', 'http://www.miramax.com/movie/good-will-hunting']",['en'],"['Massachusetts Turnpike, Massachusetts, USA']","[{'id': 'co0022594', 'name': 'Miramax'}, {'id': 'co0093776', 'name': 'Lawrence Bender Productions'}, {'id': 'co0031032', 'name': 'Be Gentlemen Limited Partnership'}]",10000000,225933435,"['Drama', 'Romance']",False,126,8.3,1127721
tt0364569,https://www.imdb.com/title/tt0364569/,Oldboy,Oldeuboi,movie,"After being kidnapped and imprisoned for fifteen years, Oh Dae-Su is released, only to find that he must track down his captor in five days.",https://m.media-amazon.com/images/M/MV5BMTI3NTQyMzU5M15BMl5BanBnXkFtZTcwMTM2MjgyMQ@@._V1_.jpg,R,2003,,2003-11-21,"['Dark Comedy', 'One-Person Army Action', 'Psychological Thriller', 'Action', 'Drama', 'Mystery', 'Thriller']",['KR'],['http://oldboy.film.ru/'],['ko'],"['Busan, South Korea']","[{'id': 'co0102054', 'name': 'Show East'}, {'id': 'co0086996', 'name': 'Egg Films'}]",3000000,17592355,"['Action', 'Drama', 'Mystery']",False,120,8.3,672841
tt0057012,https://www.imdb.com/title/tt0057012/,Dr. Strangelove or: How I Learned to Stop Worrying and Love the Bomb,Dr. Strangelove or: How I Learned to Stop Worrying and Love the Bomb,movie,"An unhinged American general orders a bombing attack on the Soviet Union, triggering a path to nuclear holocaust that a war room full of politicians and generals frantically tries to stop.",https://m.media-amazon.com/images/M/MV5BMjFjYzBlOTktMTI2OS00ZWVhLTgxMDUtNzAwODY2NmI3YTAzXkEyXkFqcGc@._V1_.jpg,PG,1964,,1964-01-29,"['Dark Comedy', 'Farce', 'Political Drama', 'Satire', 'Comedy', 'War']","['GB', 'US']",['https://www.sonypictures.com/movies/drstrangeloveorhowilearnedtostopworryingandlovethebomb'],"['en', 'ru']","['Banff National Park, Alberta, Canada']","[{'id': 'co0038089', 'name': 'Stanley Kubrick Productions'}]",1800000,9631984,"['Comedy', 'War']",False,95,8.3,535569
tt0169547,https://www.imdb.com/title/tt0169547/,American Beauty,American Beauty,movie,A sexually frustrated suburban father has a mid-life crisis after becoming infatuated with his daughter's best friend.,https://m.media-amazon.com/images/M/MV5BMDI1MDE0OTMtMmI2MS00Yjc2LTg2MTItMWExYTg5NzA1OGUzXkEyXkFqcGc@._V1_.jpg,R,1999,,1999-10-01,"['Psychological Drama', 'Tragedy', 'Drama']",['US'],['https://www.facebook.com/americanbeautymovie'],['en'],"['Sacramento, California, USA']","[{'id': 'co0819670', 'name': 'Dreamworks Pictures'}, {'id': 'co0021095', 'name': 'Jinks/Cohen Company'}]",15000000,356296601,['Drama'],False,122,8.3,1243807
tt0082096,https://www.imdb.com/title/tt0082096/,Das Boot,Das Boot,movie,A German U-boat stalks the frigid waters of the North Atlantic as its young crew experience the sheer terror and claustrophobic life of a submariner in World War II.,https://m.media-amazon.com/images/M/MV5BNGU0MWZlMTUtM2Y3Ny00NGNmLWE5NmEtN2YxOWQzMGM3ZWYzXkEyXkFqcGc@._V1_.jpg,,1981,,1982-02-10,"['War Epic', 'Drama', 'War']",['XWG'],"['https://dasboot.officialwebsite.art/', 'http://www.dasboot.com/']",['de'],['North Sea near Heligoland'],"[{'id': 'co0011145', 'name': 'Bavaria Film'}, {'id': 'co0004917', 'name': 'Twin Bros. Productions'}, {'id': 'co0100358', 'name': 'Radiant Film GmbH'}]",32000000,11488778,"['Drama', 'War']",False,149,8.4,277882
tt0112573,https://www.imdb.com/title/tt0112573/,Braveheart,Braveheart,movie,Scottish warrior William Wallace leads his countrymen in a rebellion to free his homeland from the tyranny of King Edward I of England.,https://m.media-amazon.com/images/M/MV5BNGMxZDBhNGQtYTZlNi00N2UzLWI4NDEtNmUzNWM2NTdmZDA0XkEyXkFqcGc@._V1_.jpg,R,1995,,1995-05-24,"['Costume Drama', 'Epic', 'Period Drama', 'War Epic', 'Biography', 'Drama', 'War']",['US'],"['https://www.facebook.com/braveheartmovie/', 'https://www.paramountpictures.com/movies/braveheart']","['en', 'fr', 'la', 'gd', 'it']","['Fort William, Glen Coe, Highland, Scotland, UK']","[{'id': 'co0000700', 'name': 'Icon Entertainment International'}, {'id': 'co0042559', 'name': 'The Ladd Company'}, {'id': 'co0078539', 'name': 'B.H. Finance C.V.'}]",72000000,213216216,"['Biography', 'Drama', 'War']",False,178,8.3,1124054
tt0119698,https://www.imdb.com/title/tt0119698/,Princess Mononoke,Mononoke-hime,movie,"On a journey to find the cure for a Tatarigami's curse, Ashitaka finds himself in the middle of a war between the forest gods and Tatara, a mining colony. In this quest he also meets San, the Mononoke Hime.",https://m.media-amazon.com/images/M/MV5BNjAzODViNGEtMjBkYi00N2U5LWJjNjAtY2U0MGJhZTEwOTU0XkEyXkFqcGc@._V1_.jpg,PG-13,1997,,1997-07-12,"['Action Epic', 'Adult Animation', 'Adventure Epic', 'Anime', 'Dark Fantasy', 'Fantasy Epic', 'Hand-Drawn Animation', 'Quest', 'Adventure', 'Animation']",['JP'],['http://movies.disney.com/princess-mononoke'],['ja'],,"[{'id': 'co0064941', 'name': 'DENTSU Music And Entertainment'}, {'id': 'co0205112', 'name': 'Nibariki'}, {'id': 'co0003850', 'name': 'Nippon Television Network (NTV)'}]",2400000000,170331067,"['Adventure', 'Animation', 'Fantasy']",False,133,8.3,455522
tt5311514,https://www.imdb.com/title/tt5311514/,Your Name.,Kimi no na wa.,movie,"Two teenagers share a profound, magical connection upon discovering they are swapping bodies. Things manage to become even more complicated when the boy and girl decide to meet in person.",https://m.media-amazon.com/images/M/MV5BMjI1ODZkYTgtYTY3Yy00ZTJkLWFkOTgtZDUyYWM4MzQwNjk0XkEyXkFqcGc@._V1_.jpg,,2016,,2017-04-07,"['Anime', 'Shōjo', 'Animation', 'Drama', 'Fantasy', 'Romance']",['JP'],"['https://www.cwfilms.jp/en/products/article/kiminona.html', 'https://www.funimationfilms.com/movie/yourname/']",['ja'],,"[{'id': 'co0028938', 'name': 'Amuse'}, {'id': 'co0279747', 'name': 'CoMix Wave Films'}, {'id': 'co0169715', 'name': 'East Japan Marketing & Communications Inc.'}]",370000000,405340703,"['Animation', 'Drama', 'Fantasy']",False,106,8.4,350976
tt0057565,https://www.imdb.com/title/tt0057565/,High and Low,Tengoku to jigoku,movie,An executive of a Yokohama shoe company becomes a victim of extortion when his chauffeur's son is kidnapped by mistake and held for ransom.,https://m.media-amazon.com/images/M/MV5BOTFmOTNjYjUtMDA2MC00ZTJiLThiYzktNDdjNzQwMjNkN2NmXkEyXkFqcGc@._V1_.jpg,Not Rated,1963,,1963-11-26,"['Police Procedural', 'Crime', 'Drama', 'Mystery', 'Thriller']",['JP'],,['ja'],"['Toho Studios, Tokyo, Japan']","[{'id': 'co0095216', 'name': 'Kurosawa Production Co.'}, {'id': 'co0002219', 'name': 'Toho'}]",230000000,61010,"['Crime', 'Drama', 'Mystery']",False,143,8.4,58944
tt1187043,https://www.imdb.com/title/tt1187043/,3 Idiots,3 Idiots,movie,"Two friends are searching for their long lost companion. They revisit their college days and recall the memories of their friend who inspired them to think differently, even as the rest of the world called them ""idiots"".",https://m.media-amazon.com/images/M/MV5BNzc4ZWQ3NmYtODE0Ny00YTQ4LTlkZWItNTBkMGQ0MmUwMmJlXkEyXkFqcGc@._V1_.jpg,PG-13,2009,,2009-12-25,"['Coming-of-Age', 'Comedy', 'Drama']",['IN'],['https://www.sonyliv.com/movies/3-idiots-1000007674'],"['hi', 'en']","['IIM Campus, Bangalore, Karnataka, India']","[{'id': 'co0106826', 'name': 'Vinod Chopra Productions'}]",550000000,60262836,"['Comedy', 'Drama']",False,170,8.4,454745
tt7286456,https://www.imdb.com/title/tt7286456/,Joker,Joker,movie,"Arthur Fleck, a party clown and a failed stand-up comedian, leads an impoverished life with his ailing mother. However, when society shuns him and brands him as a freak, he decides to embrace the life of chaos in Gotham City.",https://m.media-amazon.com/images/M/MV5BNzY3OWQ5NDktNWQ2OC00ZjdlLThkMmItMDhhNDk3NTFiZGU4XkEyXkFqcGc@._V1_.jpg,R,2019,,2019-10-04,"['Psychological Drama', 'Psychological Thriller', 'Tragedy', 'Crime', 'Drama', 'Thriller']","['US', 'CA', 'AU']","['https://www.facebook.com/jokermovie/', 'https://www.instagram.com/jokermovie/']","['en', 'de']","['1150 Anderson Ave, The Bronx, New York City, New York, USA']","[{'id': 'co0002663', 'name': 'Warner Bros.'}, {'id': 'co0227121', 'name': 'Village Roadshow Pictures'}, {'id': 'co0309252', 'name': 'BRON Studios'}]",55000000,1078958629,"['Crime', 'Drama', 'Thriller']",False,122,8.3,1594120
tt0087843,https://www.imdb.com/title/tt0087843/,Once Upon a Time in America,Once Upon a Time in America,movie,"A former Prohibition-era Jewish gangster returns to the Lower East Side of Manhattan 35 years later, where he must once again confront the ghosts and regrets of his old life.",https://m.media-amazon.com/images/M/MV5BMDQ0ZTg2OGUtZjMyOC00M2M5LThkMmItZmM2MmUzMmIxMWJhXkEyXkFqcGc@._V1_.jpg,R,1984,,1984-06-01,"['Dark Comedy', 'Epic', 'Gangster', 'Period Drama', 'Crime', 'Drama']","['IT', 'US']","['https://www.facebook.com/OnceUponATimeInAmericaFilm/', 'https://www.warnerbros.com/movies/once-upon-time-america']","['en', 'it', 'fr', 'yi', 'he']","['Cinecittà Studios, Cinecittà, Rome, Lazio, Italy']","[{'id': 'co0042559', 'name': 'The Ladd Company'}, {'id': 'co0002663', 'name': 'Warner Bros.'}, {'id': 'co0035468', 'name': 'Producers Sales Organization (PSO)'}]",30000000,5475540,"['Crime', 'Drama']",False,229,8.3,392476
tt8267604,https://www.imdb.com/title/tt8267604/,Capernaum,Capharnaüm,movie,"While serving a five-year sentence for a violent crime, a 12-year-old boy sues his parents for neglect.",https://m.media-amazon.com/images/M/MV5BYzEyMzQ1OTktZTljZi00OWQzLWE2ZmUtZjQyNzBjYjE1NTc0XkEyXkFqcGc@._V1_.jpg,R,2018,,2018-09-20,['Drama'],"['LB', 'US', 'FR', 'CY', 'QA', 'GB']","['https://www.facebook.com/CapharnaumFilm/', 'http://www.capharnaumfilm.com/']","['ar', 'am']","['Cola, Beirut, Lebanon']","[{'id': 'co0694202', 'name': 'Mooz Films'}, {'id': 'co0739287', 'name': 'Cedrus Invest Bank'}, {'id': 'co0739288', 'name': 'Sunnyland Film'}]",4000000,64417003,['Drama'],False,126,8.4,114595
tt0045152,https://www.imdb.com/title/tt0045152/,Singin' in the Rain,Singin' in the Rain,movie,A silent film star falls for a chorus girl just as he and his delusionally jealous screen partner are trying to make the difficult transition to talking pictures in 1920s Hollywood.,https://m.media-amazon.com/images/M/MV5BMGQzZDFjZWUtZDU4ZS00ZjM3LTgyYmItYjA3YmIwYzRkZWY3XkEyXkFqcGc@._V1_.jpg,G,1952,,1952-04-10,"['Classic Musical', 'Feel-Good Romance', 'Jukebox Musical', 'Romantic Comedy', 'Comedy', 'Musical', 'Romance']",['US'],,['en'],"['Metro-Goldwyn-Mayer Studios - 10202 W. Washington Blvd., Culver City, California, USA']","[{'id': 'co0054683', 'name': ""Loew's""}]",2540800,2093659,"['Comedy', 'Musical', 'Romance']",False,103,8.3,270863
tt0091251,https://www.imdb.com/title/tt0091251/,Come and See,Idi i smotri,movie,"After finding an old rifle, a young boy joins the Soviet resistance movement against ruthless German forces and experiences the horrors of World War II.",https://m.media-amazon.com/images/M/MV5BNDlkZmVkZDAtZGFmMS00OWIzLWJkY2YtNWE5NjNhNjhiZGE3XkEyXkFqcGc@._V1_.jpg,Not Rated,1985,,1985-09-03,"['Epic', 'Period Drama', 'Tragedy', 'War Epic', 'Drama', 'Thriller', 'War']",['SUHH'],,"['be', 'ru', 'de']",['Soviet Union'],"[{'id': 'co0114140', 'name': 'Belarusfilm'}, {'id': 'co0917448', 'name': 'Mosfilm'}]",,20929648,"['Drama', 'Thriller', 'War']",False,142,8.3,109894
tt0180093,https://www.imdb.com/title/tt0180093/,Requiem for a Dream,Requiem for a Dream,movie,The drug-induced utopias of four Coney Island people are shattered when their addictions run deep.,https://m.media-amazon.com/images/M/MV5BN2ZlMjIzZjctYzA2My00ZWYyLWI4ZjctMGI2NWYyNzFiZjAwXkEyXkFqcGc@._V1_.jpg,NC-17,2000,,2000-12-15,"['Psychological Drama', 'Tragedy', 'Drama']",['US'],,['en'],"['Coney Island, Brooklyn, New York City, New York, USA']","[{'id': 'co0014903', 'name': 'Artisan Entertainment'}, {'id': 'co0042682', 'name': 'Thousand Words'}, {'id': 'co0067219', 'name': 'Sibling Productions'}]",4500000,7390108,['Drama'],False,102,8.3,933137
tt0435761,https://www.imdb.com/title/tt0435761/,Toy Story 3,Toy Story 3,movie,"The toys are mistakenly delivered to a day-care center instead of the attic right before Andy leaves for college, and it's up to Woody to convince the other toys that they weren't abandoned and to return home.",https://m.media-amazon.com/images/M/MV5BMTgxOTY4Mjc0MF5BMl5BanBnXkFtZTcwNTA4MDQyMw@@._V1_.jpg,G,2010,,2010-06-18,"['Computer Animation', 'Supernatural Fantasy', 'Urban Adventure', 'Adventure', 'Animation', 'Comedy', 'Family', 'Fantasy']",['US'],"['https://www.facebook.com/PixarToyStory', 'http://toystory.disney.com/toy-story-3']","['en', 'es']","['Pixar Animation Studios - 1200 Park Avenue, Emeryville, California, USA']","[{'id': 'co0008970', 'name': 'Walt Disney Pictures'}, {'id': 'co0017902', 'name': 'Pixar Animation Studios'}]",200000000,1067316101,"['Adventure', 'Animation', 'Comedy']",False,103,8.3,925504
tt0086190,https://www.imdb.com/title/tt0086190/,Star Wars: Episode VI - Return of the Jedi,Star Wars: Episode VI - Return of the Jedi,movie,"After rescuing Han Solo from Jabba the Hutt, the Rebel Alliance attempts to destroy the second Death Star while Luke struggles to help Darth Vader back from the dark side.",https://m.media-amazon.com/images/M/MV5BNWEwOTI0MmUtMGNmNy00ODViLTlkZDQtZTg1YmQ3MDgyNTUzXkEyXkFqcGc@._V1_.jpg,PG,1983,,1983-05-25,"['Action Epic', 'Adventure Epic', 'Fantasy Epic', 'Quest', 'Sci-Fi Epic', 'Space Sci-Fi', 'Sword & Sorcery', 'Action', 'Adventure', 'Fantasy']",['US'],"['https://www.lucasfilm.com/productions/episode-vi/', 'https://www.starwars.com/films/star-wars-episode-vi-return-of-the-jedi']","['en', 'ki', 'tl', 'qu', 'pl']","['Miller-Rellim Redwood Company Property, Morrison Creek Road, Smith River, California, USA']","[{'id': 'co0071326', 'name': 'Lucasfilm'}]",32500000,482466382,"['Action', 'Adventure', 'Fantasy']",False,131,8.3,1157281
tt2106476,https://www.imdb.com/title/tt2106476/,The Hunt,Jagten,movie,"A teacher lives a lonely life, all the while struggling over his son's custody. His life slowly gets better as he finds love and receives good news from his son, but his new luck is about to be brutally shattered by an innocent little lie.",https://m.media-amazon.com/images/M/MV5BMTg2NDg3ODg4NF5BMl5BanBnXkFtZTcwNzk3NTc3Nw@@._V1_.jpg,R,2012,,2012-11-14,"['Psychological Drama', 'Tragedy', 'Drama']","['DK', 'SE', 'BE', 'FR']","['http://www.magpictures.com/thehunt/', 'http://www.facebook.com/TheHuntFilm']","['da', 'en', 'pl']","['Høje Taastrup Kirke, Taastrup, Denmark']","[{'id': 'co0136662', 'name': 'Zentropa Entertainments'}, {'id': 'co0001935', 'name': 'Film i Väst'}, {'id': 'co0338571', 'name': 'Zentropa International Sweden'}]",20000000,15886373,['Drama'],False,115,8.3,384958
tt0338013,https://www.imdb.com/title/tt0338013/,Eternal Sunshine of the Spotless Mind,Eternal Sunshine of the Spotless Mind,movie,"When their relationship turns sour, a couple undergoes a medical procedure to have each other erased from their memories forever.",https://m.media-amazon.com/images/M/MV5BMTY4NzcwODg3Nl5BMl5BanBnXkFtZTcwNTEwOTMyMw@@._V1_.jpg,R,2004,,2004-03-19,"['Dark Romance', 'Psychological Drama', 'Drama', 'Romance', 'Sci-Fi']",['US'],"['https://www.ahotoffer.com/p/eternal-sunshine-of-spotless-mind.html', 'https://www.facebook.com/EternalSunshineMovie']",['en'],"['Montauk, New York, USA']","[{'id': 'co0042399', 'name': 'Focus Features'}, {'id': 'co0017525', 'name': 'Anonymous Content'}, {'id': 'co0017713', 'name': 'This Is That Productions'}]",20000000,73397404,"['Drama', 'Romance', 'Sci-Fi']",False,108,8.3,1128678
tt0044741,https://www.imdb.com/title/tt0044741/,Ikiru,Ikiru,movie,A bureaucrat tries to find meaning in his life after he discovers he has terminal cancer.,https://m.media-amazon.com/images/M/MV5BZTk4OGEwNDQtOGI2MC00MTU2LTk0YTEtNmU5NTIxMWNkNDhlXkEyXkFqcGc@._V1_.jpg,Not Rated,1952,,1956-03-25,"['Psychological Drama', 'Tragedy', 'Drama']",['JP'],,"['ja', 'la', 'en', 'fr']","['Tokyo, Japan']","[{'id': 'co0002219', 'name': 'Toho'}]",,112471,['Drama'],False,143,8.3,95353
tt0062622,https://www.imdb.com/title/tt0062622/,2001: A Space Odyssey,2001: A Space Odyssey,movie,"When a mysterious artifact is uncovered on the Moon, a spacecraft manned by two humans and one supercomputer is sent to Jupiter to find its origins.",https://m.media-amazon.com/images/M/MV5BNjU0NDFkMTQtZWY5OS00MmZhLTg3Y2QtZmJhMzMzMWYyYjc2XkEyXkFqcGc@._V1_.jpg,G,1968,,1968-05-12,"['Adventure Epic', 'Artificial Intelligence', 'Sci-Fi Epic', 'Space Sci-Fi', 'Adventure', 'Sci-Fi']","['GB', 'US']",['https://www.facebook.com/2001ASpaceOdysseyFilm/'],"['en', 'ru', 'fr']","['Isle of Harris, Western Isles, Scotland, UK']","[{'id': 'co0007143', 'name': 'Metro-Goldwyn-Mayer (MGM)'}, {'id': 'co0038089', 'name': 'Stanley Kubrick Productions'}]",12000000,66768959,"['Adventure', 'Sci-Fi']",False,149,8.3,748673
tt0105236,https://www.imdb.com/title/tt0105236/,Reservoir Dogs,Reservoir Dogs,movie,"When a simple jewelry heist goes horribly wrong, the surviving criminals begin to suspect that one of them is a police informant.",https://m.media-amazon.com/images/M/MV5BMmMzYjg4NDctYWY0Mi00OGViLWIzMTMtYWNlZGY5ZDJmYjk3XkEyXkFqcGc@._V1_.jpg,R,1992,,1992-09-02,"['Gangster', 'Heist', 'Crime', 'Thriller']",['US'],['http://www.facebook.com/ReservoirDogsMovie'],['en'],"['5860 North Figueroa Street, Highland Park, Los Angeles, California, USA']","[{'id': 'co0049954', 'name': 'Live Entertainment'}, {'id': 'co0112857', 'name': 'Dog Eat Dog Productions Inc.'}]",1200000,2931191,"['Crime', 'Thriller']",False,99,8.3,1125995
tt0053604,https://www.imdb.com/title/tt0053604/,The Apartment,The Apartment,movie,"A Manhattan insurance clerk tries to rise in his company by letting its executives use his apartment for trysts, but office politics and his own romantic hopes complicate matters.",https://m.media-amazon.com/images/M/MV5BNDdhMzVhOWQtNDU2Mi00ZmZmLWJiZDMtY2QxMjhjY2Y1ZTI5XkEyXkFqcGc@._V1_.jpg,Approved,1960,,1960-06-29,"['Farce', 'Holiday Comedy', 'Holiday Romance', 'Romantic Comedy', 'Comedy', 'Drama', 'Holiday', 'Romance']",['US'],,['en'],"['Majestic Theater, 247 West 44th Street, Manhattan, New York City, New York, USA']","[{'id': 'co0011112', 'name': 'The Mirisch Corporation'}]",3000000,18778738,"['Comedy', 'Drama', 'Romance']",False,125,8.3,207424
tt1255953,https://www.imdb.com/title/tt1255953/,Incendies,Incendies,movie,Twins journey to the Middle East to discover their family history and fulfill their mother's last wishes.,https://m.media-amazon.com/images/M/MV5BYWFmMjdmNjctNzhhOC00ZmMzLTkwOGItMmVmZDU4MjE2MTYwXkEyXkFqcGc@._V1_.jpg,R,2010,,2011-04-22,"['Suspense Mystery', 'Drama', 'Mystery', 'War']","['CA', 'FR']","['http://www.facebook.com/IncendiesMovie', 'http://www.facebook.com/incendies']","['fr', 'ar', 'en']","['Amman, Jordan']","[{'id': 'co0089507', 'name': 'micro_scope'}, {'id': 'co0011118', 'name': 'TS Productions'}, {'id': 'co0246496', 'name': 'Phi Group'}]",6800000,6797861,"['Drama', 'Mystery', 'War']",False,131,8.3,223946
tt0056172,https://www.imdb.com/title/tt0056172/,Lawrence of Arabia,Lawrence of Arabia,movie,"The story of T.E. Lawrence, the English officer who successfully united and led the diverse, often warring, Arab tribes during World War I in order to fight the Turks.",https://m.media-amazon.com/images/M/MV5BYjY0YTQ1OTAtYjEyNy00NTQ4LThlMTQtM2QwYTVhYWFhNjU5XkEyXkFqcGc@._V1_.jpg,PG,1962,,2013-04-02,"['Adventure Epic', 'Desert Adventure', 'War Epic', 'Adventure', 'Biography', 'Drama', 'War']","['GB', 'US']",['https://www.facebook.com/LawrenceofArabia'],"['en', 'ar', 'tr']","['Wadi Rum, Jordan']","[{'id': 'co0103190', 'name': 'Horizon Pictures (II)'}]",15000000,45763719,"['Adventure', 'Biography', 'Drama']",False,227,8.3,327174
tt0086250,https://www.imdb.com/title/tt0086250/,Scarface,Scarface,movie,"Miami in the 1980s: a determined criminal-minded Cuban immigrant becomes the biggest drug smuggler in Florida, and is eventually undone by his own drug addiction.",https://m.media-amazon.com/images/M/MV5BNDUzYjY0NmUtMDM4OS00Y2Q5LWJiODYtNTk0ZTk0YjZhMTg1XkEyXkFqcGc@._V1_.jpg,R,1983,,1983-12-09,"['Drug Crime', 'Epic', 'Gangster', 'Tragedy', 'Crime', 'Drama']",['US'],"['https://www.facebook.com/scarface1983movie/', 'https://www.uphe.com/movies/scarface-1983']","['en', 'es']","['656 Park Ln, Santa Barbara, California, USA']","[{'id': 'co0005073', 'name': 'Universal Pictures'}, {'id': 'co0056556', 'name': 'Martin Bregman Productions'}]",50000000,66443303,"['Crime', 'Drama']",False,170,8.3,956527
tt0036775,https://www.imdb.com/title/tt0036775/,Double Indemnity,Double Indemnity,movie,"An insurance representative is seduced by a dissatisfied housewife into a scheme of insurance fraud and murder that arouses the suspicion of his colleague, a claims investigator.",https://m.media-amazon.com/images/M/MV5BM2YwNjZlZDktNTlmNS00ODQwLWJmNmUtYmE1NTBhYjc1YTY5XkEyXkFqcGc@._V1_.jpg,Approved,1944,,1944-07-06,"['Film Noir', 'Hard-boiled Detective', 'Crime', 'Drama', 'Mystery', 'Thriller']",['US'],['http://eurekavideo.co.uk/moc/catalogue/double-indemnity/'],['en'],"['6301 Quebec Drive, Hollywood Hills, Los Angeles, California, USA']","[{'id': 'co0023400', 'name': 'Paramount Pictures'}]",927262,19543,"['Crime', 'Drama', 'Film-Noir']",False,107,8.3,173735
tt0053125,https://www.imdb.com/title/tt0053125/,North by Northwest,North by Northwest,movie,"A New York City advertising executive goes on the run after being mistaken for a government agent by a group of foreign spies, and falls for a woman whose loyalties he begins to doubt.",https://m.media-amazon.com/images/M/MV5BZWIzODI2OGItMzM0Ny00OGRmLTlkNmItMDQxMTFmMTk3YmQwXkEyXkFqcGc@._V1_.jpg,Approved,1959,,1959-12-18,"['Spy', 'Action', 'Adventure', 'Mystery', 'Thriller']",['US'],,"['en', 'fr']","['Garces Highway 1/10th mile East from Corcoran Road and Kern National Wildlife Preserve, Kern County, California, USA']","[{'id': 'co0007143', 'name': 'Metro-Goldwyn-Mayer (MGM)'}]",3101000,192323,"['Adventure', 'Drama', 'Mystery']",False,136,8.3,358809
tt0113277,https://www.imdb.com/title/tt0113277/,Heat,Heat,movie,A group of high-end professional thieves start to feel the heat from the LAPD when they unknowingly leave a verbal clue at their latest heist.,https://m.media-amazon.com/images/M/MV5BMTkxYjU1OTMtYWViZC00ZjAzLWI3MDktZGQ2N2VmMjVjNDRlXkEyXkFqcGc@._V1_.jpg,R,1995,,1995-12-15,"['Cop Drama', 'Epic', 'Gangster', 'Heist', 'Action', 'Crime', 'Drama']",['US'],"['https://www.20thcenturystudios.com/movies/heat', 'https://www.facebook.com/HeatMovie/']","['en', 'es']","['1219 Dodds Circle, East Los Angeles, California, USA']","[{'id': 'co0002663', 'name': 'Warner Bros.'}, {'id': 'co0007127', 'name': 'New Regency Productions'}, {'id': 'co0035930', 'name': 'Forward Pass'}]",60000000,187436818,"['Action', 'Crime', 'Drama']",False,170,8.3,749614
tt0033467,https://www.imdb.com/title/tt0033467/,Citizen Kane,Citizen Kane,movie,"Following the death of publishing tycoon Charles Foster Kane, reporters scramble to uncover the meaning of his final utterance: 'Rosebud.'",https://m.media-amazon.com/images/M/MV5BYjk1ZDJlMmUtOWQ0Zi00MDM5LTk1OGYtODczNjFmMGYwZGVkXkEyXkFqcGc@._V1_.jpg,PG,1941,,1941-09-05,"['Epic', 'Drama', 'Mystery']",['US'],['https://www.facebook.com/CitizenKaneMovie/'],"['en', 'it']","['Busch Gardens - S. Grove Avenue, Pasadena, California, USA']","[{'id': 'co0041421', 'name': 'RKO Radio Pictures'}, {'id': 'co0003016', 'name': 'Mercury Productions'}]",839727,1707754,"['Drama', 'Mystery']",False,119,8.3,478923
tt1049413,https://www.imdb.com/title/tt1049413/,Up,Up,movie,"78-year-old Carl Fredricksen travels to South America in his house equipped with balloons, inadvertently taking a young stowaway.",https://m.media-amazon.com/images/M/MV5BNmI1ZTc5MWMtMDYyOS00ZDc2LTkzOTAtNjQ4NWIxNjYyNDgzXkEyXkFqcGc@._V1_.jpg,PG,2009,,2009-07-23,"['Coming-of-Age', 'Computer Animation', 'Globetrotting Adventure', 'Adventure', 'Animation', 'Comedy', 'Drama', 'Family']",['US'],"['https://www.facebook.com/PixarUp', 'http://movies.disney.com/up']",['en'],"['Pixar Animation Studios - 1200 Park Avenue, Emeryville, California, USA']","[{'id': 'co0008970', 'name': 'Walt Disney Pictures'}, {'id': 'co0017902', 'name': 'Pixar Animation Studios'}]",175000000,735102136,"['Adventure', 'Animation', 'Comedy']",False,96,8.3,1172673
tt0022100,https://www.imdb.com/title/tt0022100/,M,M - Eine Stadt sucht einen Mörder,movie,"When the police in a German city are unable to catch a child-murderer, other criminals join in the manhunt.",https://m.media-amazon.com/images/M/MV5BODA4ODk3OTEzMF5BMl5BanBnXkFtZTgwMTQ2ODMwMzE@._V1_.jpg,Passed,1931,,1931-08-31,"['Psychological Thriller', 'Serial Killer', 'Suspense Mystery', 'Crime', 'Mystery', 'Thriller']",['DE'],,['de'],"['Staaken, Spandau, Berlin, Germany']","[{'id': 'co0036089', 'name': 'Nero-Film AG'}]",,35566,"['Crime', 'Mystery', 'Thriller']",False,99,8.3,175870
tt0093058,https://www.imdb.com/title/tt0093058/,Full Metal Jacket,Full Metal Jacket,movie,A pragmatic U.S. Marine observes the dehumanizing effects the Vietnam War has on his fellow recruits from their brutal boot camp training to the bloody street fighting in Hue.,https://m.media-amazon.com/images/M/MV5BYWUzNzZkNzUtNDdiYy00Nzk5LTgxMmItNTk0MjRjNjdjNDA0XkEyXkFqcGc@._V1_.jpg,R,1987,,1987-07-10,"['Period Drama', 'Drama', 'War']","['GB', 'US']",,"['en', 'vi']","['Isle of Dogs, London, Greater London, England, UK']","[{'id': 'co0002663', 'name': 'Warner Bros.'}, {'id': 'co0001865', 'name': 'Natant'}, {'id': 'co0038089', 'name': 'Stanley Kubrick Productions'}]",30000000,50193748,"['Drama', 'War']",False,116,8.2,816722
tt0052357,https://www.imdb.com/title/tt0052357/,Vertigo,Vertigo,movie,"A former San Francisco police detective juggles wrestling with his personal demons and becoming obsessed with the hauntingly beautiful woman he has been hired to trail, who may be deeply disturbed.",https://m.media-amazon.com/images/M/MV5BNzEyZTUxMWItMGVhYy00Y2NlLTljYTMtYzBmMzI1YmUyMDBkXkEyXkFqcGc@._V1_.jpg,PG,1958,,1958-05-28,"['Psychological Thriller', 'Suspense Mystery', 'Mystery', 'Romance', 'Thriller']",['US'],['https://www.facebook.com/VertigoTheMovie'],['en'],"['Fort Point, Presidio, Golden Gate National Recreation Area, San Francisco, California, USA']","[{'id': 'co0137799', 'name': 'Alfred J. Hitchcock Productions'}]",2479000,7808900,"['Mystery', 'Romance', 'Thriller']",False,128,8.3,442598
tt0211915,https://www.imdb.com/title/tt0211915/,Amélie,Le fabuleux destin d'Amélie Poulain,movie,"Despite being caught in her imaginative world, young waitress Amelie decides to help people find happiness. Her quest to spread joy leads her on a journey during which she finds true love.",https://m.media-amazon.com/images/M/MV5BOTNmYzY0MWQtZGZmNy00Y2Y4LWFmMDQtMTZjYTdiYzEwZGQ2XkEyXkFqcGc@._V1_.jpg,R,2001,,2002-02-08,"['Feel-Good Romance', 'Quirky Comedy', 'Romantic Comedy', 'Comedy', 'Romance']","['FR', 'DE']","['http://www.facebook.com/AmelieMovie', 'http://www.miramax.com/movie/amelie']","['fr', 'ru', 'en']","['Rue des Trois-Frères, Paris 18, Paris, France']","[{'id': 'co0125555', 'name': 'Claudie Ossard Productions'}, {'id': 'co0069524', 'name': 'Union Générale Cinématographique (UGC)'}, {'id': 'co0072800', 'name': 'Victoires Productions'}]",10000000,175183052,"['Comedy', 'Romance']",False,122,8.3,814894
tt0066921,https://www.imdb.com/title/tt0066921/,A Clockwork Orange,A Clockwork Orange,movie,Alex DeLarge and his droogs barbarize a decaying near-future.,https://m.media-amazon.com/images/M/MV5BMTY3MjM1Mzc4N15BMl5BanBnXkFtZTgwODM0NzAxMDE@._V1_.jpg,R,1971,,1972-02-02,"['Dark Comedy', 'Dystopian Sci-Fi', 'Crime', 'Sci-Fi']","['GB', 'US']",,['en'],"['Binsey Walk, Southmere Lake, Thamesmead South, London, England, UK']","[{'id': 'co0002663', 'name': 'Warner Bros.'}, {'id': 'co0734629', 'name': 'Polaris Productions'}, {'id': 'co0113563', 'name': 'Hawk Films'}]",2200000,27034174,"['Crime', 'Sci-Fi']",False,136,8.2,907118
tt1832382,https://www.imdb.com/title/tt1832382/,A Separation,Jodaeiye Nader az Simin,movie,A married couple are faced with a difficult decision - to improve the life of their child by moving to another country or to stay in Iran and look after a deteriorating parent who has Alzheimer's disease.,https://m.media-amazon.com/images/M/MV5BMDM0ZWRmMzctM2M5ZS00ZjU0LWIxN2MtNWNlNGY1ZDhjMDVhXkEyXkFqcGc@._V1_.jpg,PG-13,2011,,2011-03-16,"['Legal Drama', 'Psychological Drama', 'Drama']","['IR', 'FR', 'AU']","['http://www.golem.es/distribucion/pelicula.php?id=248', 'http://distribution.memento-films.com/film/infos/21']",['fa'],"['Tehran, Iran']","[{'id': 'co0620175', 'name': 'Asghar Farhadi Productions'}, {'id': 'co0259212', 'name': 'Dreamlab Films'}, {'id': 'co0620176', 'name': 'MPA APSA Academy Film Fund'}]",500000,22926076,['Drama'],False,123,8.3,267759
tt0056592,https://www.imdb.com/title/tt0056592/,To Kill a Mockingbird,To Kill a Mockingbird,movie,A widowed lawyer in Depression-era Alabama defends a black man against a false rape charge while teaching his young children about the sad reality of prejudice.,https://m.media-amazon.com/images/M/MV5BZTlkYWU4MGEtZmQyYi00OWEzLTgzY2EtYzVjOTEzYzAyNTk1XkEyXkFqcGc@._V1_.jpg,Approved,1962,,1963-03-16,"['Legal Drama', 'Period Drama', 'Crime', 'Drama']",['US'],['https://www.facebook.com/ToKillAMockingbirdMovie'],['en'],"['Monroeville, Alabama, USA']","[{'id': 'co0110362', 'name': 'Pakula-Mulligan'}, {'id': 'co0110361', 'name': 'Brentwood Productions'}]",2000000,599934,"['Crime', 'Drama']",False,129,8.3,341819
tt15398776,https://www.imdb.com/title/tt15398776/,Oppenheimer,Oppenheimer,movie,"A dramatization of the life story of J. Robert Oppenheimer, the physicist who had a large hand in the development of the atomic bombs that brought an end to World War II.",https://m.media-amazon.com/images/M/MV5BN2JkMDc5MGQtZjg3YS00NmFiLWIyZmQtZTJmNTM5MjVmYTQ4XkEyXkFqcGc@._V1_.jpg,R,2023,,2023-07-21,"['Docudrama', 'Epic', 'Historical Epic', 'Period Drama', 'Psychological Drama', 'Biography', 'Drama', 'History']","['US', 'GB']","['https://www.facebook.com/OppenheimerMovie/', 'https://www.instagram.com/oppenheimermovie/']","['en', 'de', 'it']","['Los Alamos, New Mexico, USA']","[{'id': 'co0005073', 'name': 'Universal Pictures'}, {'id': 'co0028338', 'name': 'Atlas Entertainment'}, {'id': 'co1007122', 'name': 'Gadget Films'}]",100000000,975594978,"['Biography', 'Drama', 'History']",False,180,8.3,865760
tt0095016,https://www.imdb.com/title/tt0095016/,Die Hard,Die Hard,movie,A New York City police officer tries to save his estranged wife and several others taken hostage by terrorists during a Christmas party at the Nakatomi Plaza in Los Angeles.,https://m.media-amazon.com/images/M/MV5BMGNlYmM1NmQtYWExMS00NmRjLTg5ZmEtMmYyYzJkMzljYWMxXkEyXkFqcGc@._V1_.jpg,R,1988,,1988-07-20,"['One-Person Army Action', 'Action', 'Holiday', 'Thriller']",['US'],"['https://www.facebook.com/DieHardMovies?ref=stream', 'https://www.foxmovies.com/movies/die-hard']","['en', 'de', 'it', 'ja']","['Fox Plaza - 2121 Avenue of the Stars, Century City, Los Angeles, California, USA']","[{'id': 'co0000756', 'name': 'Twentieth Century Fox'}, {'id': 'co0119038', 'name': 'Gordon Company'}, {'id': 'co0019968', 'name': 'Silver Pictures'}]",28000000,143651650,"['Action', 'Thriller']",False,132,8.2,984997
tt0070735,https://www.imdb.com/title/tt0070735/,The Sting,The Sting,movie,Two grifters team up to pull off the ultimate con.,https://m.media-amazon.com/images/M/MV5BZGI4OTk4MDMtYmQ1Ni00YTUzLTkyYTktZGUwMjMyN2M4NjQ5XkEyXkFqcGc@._V1_.jpg,PG,1973,,1973-12-25,"['Caper', 'Comedy', 'Crime', 'Drama']",['US'],,['en'],"['Union Station - Canal St. & Jackson Blvd., Near West Side, Chicago, Illinois, USA']","[{'id': 'co0019166', 'name': 'Zanuck/Brown Productions'}, {'id': 'co0005073', 'name': 'Universal Pictures'}]",5500000,156000000,"['Comedy', 'Crime', 'Drama']",False,129,8.3,288682
tt0986264,https://www.imdb.com/title/tt0986264/,Like Stars on Earth,Taare Zameen Par,movie,A young boy is thought to be nothing but a lazy troublemaker until the new art teacher has the patience and compassion to discover the real problem behind his struggles in school.,https://m.media-amazon.com/images/M/MV5BZTI0ZGRiMDEtNGNjMS00MGU4LWI3OTktNzcxMDZmZTk3MTljXkEyXkFqcGc@._V1_.jpg,PG,2007,,2007-12-21,"['Drama', 'Family']",['IN'],['https://movies.disney.com/like-stars-on-earth'],"['hi', 'en']","['Panchgani, Maharashtra, India']","[{'id': 'co0026618', 'name': 'Aamir Khan Productions'}, {'id': 'co0173735', 'name': 'PVR Pictures'}]",,21897373,"['Drama', 'Family']",False,162,8.3,215947
tt0097576,https://www.imdb.com/title/tt0097576/,Indiana Jones and the Last Crusade,Indiana Jones and the Last Crusade,movie,"In 1938, after his father goes missing while pursuing the Holy Grail, Indiana Jones finds himself up against the Nazis again to stop them from obtaining its powers.",https://m.media-amazon.com/images/M/MV5BNGIxNzQ0YzYtMjNmYi00YjBlLWFjNzEtNGE3ZGFmYTczM2MwXkEyXkFqcGc@._V1_.jpg,PG-13,1989,,1989-05-24,"['Adventure Epic', 'Desert Adventure', 'Globetrotting Adventure', 'Quest', 'Action', 'Adventure']",['US'],['https://www.facebook.com/indianajones'],"['en', 'de', 'el', 'la', 'it']","['Moab, Utah, USA']","[{'id': 'co0023400', 'name': 'Paramount Pictures'}, {'id': 'co0071326', 'name': 'Lucasfilm'}]",48000000,474171806,"['Action', 'Adventure']",False,127,8.2,834252
tt0017136,https://www.imdb.com/title/tt0017136/,Metropolis,Metropolis,movie,"In a futuristic city sharply divided between the working class and the city planners, the son of the city's mastermind falls in love with a working-class prophet who predicts the coming of a savior to mediate their differences.",https://m.media-amazon.com/images/M/MV5BMjhjMGYyMjAtMzJkYy00NzhlLWIwY2MtMWQ2ODIxZDUyOGYyXkEyXkFqcGc@._V1_.jpg,Not Rated,1927,,1927-03-13,"['Dystopian Sci-Fi', 'Epic', 'Sci-Fi Epic', 'Steampunk', 'Drama', 'Sci-Fi']",['DE'],['http://www.kino.com/metropolis'],"['de', 'en']","['Berlin, Germany']","[{'id': 'co0021661', 'name': 'Universum Film (UFA)'}]",6000000,1350322,"['Drama', 'Sci-Fi']",False,153,8.3,193027
tt0208092,https://www.imdb.com/title/tt0208092/,Snatch,Snatch,movie,"Unscrupulous boxing promoters, violent bookmakers, a Russian gangster, incompetent amateur robbers and supposedly Jewish jewelers fight to track down a priceless stolen diamond.",https://m.media-amazon.com/images/M/MV5BYzk5NjJkMTQtN2IyNC00YWM5LTlhZmMtNGI3MWNhMTU1YTc4XkEyXkFqcGc@._V1_.jpg,R,2000,,2001-01-19,"['Caper', 'Dark Comedy', 'Gangster', 'Comedy', 'Crime']","['GB', 'US']","['https://www.filmymen.us/2022/11/snatch-movie-snatch-full-movie-2000.html', 'https://www.facebook.com/snatch']","['en', 'ru']","['Hatton Garden, Clerkenwell, London, Greater London, England, UK']","[{'id': 'co0010568', 'name': 'Screen Gems'}, {'id': 'co0000750', 'name': 'SKA Films'}]",6000000,83557872,"['Comedy', 'Crime']",False,102,8.2,940515
tt8579674,https://www.imdb.com/title/tt8579674/,1917,1917,movie,"April 6th, 1917. As an infantry battalion assembles to wage war deep in enemy territory, two soldiers are assigned to race against time and deliver a message that will stop 1,600 men from walking straight into a deadly trap.",https://m.media-amazon.com/images/M/MV5BYzkxZjg2NDQtMGVjMy00NWZkLTk0ZDEtZWE3NDYwYjAyMTg1XkEyXkFqcGc@._V1_.jpg,R,2019,,2020-01-10,"['Epic', 'Period Drama', 'War Epic', 'Action', 'Drama', 'War']","['GB', 'US', 'IN', 'ES', 'CA']","['https://www.jiotv.com/full-movie/1917/98e4d62f61f05add8dd82f08238c472c', 'http://www.facebook.com/1917Film/']","['en', 'fr', 'de']","['Salisbury Plain, Wiltshire, England, UK']","[{'id': 'co0819670', 'name': 'Dreamworks Pictures'}, {'id': 'co0336601', 'name': 'Reliance Entertainment'}, {'id': 'co0644194', 'name': 'New Republic Pictures'}]",95000000,446064352,"['Action', 'Drama', 'War']",False,119,8.2,720710
tt0119488,https://www.imdb.com/title/tt0119488/,L.A. Confidential,L.A. Confidential,movie,"As corruption grows in 1950s Los Angeles, three policemen - one strait-laced, one brutal, and one sleazy - investigate a series of murders with their own brand of justice.",https://m.media-amazon.com/images/M/MV5BODdiMjY1OGYtNDk0NC00NGQ1LWI4MDItOTJhMTM0YjE1YTAzXkEyXkFqcGc@._V1_.jpg,R,1997,,1997-09-19,"['Conspiracy Thriller', 'Cop Drama', 'Hard-boiled Detective', 'Period Drama', 'Police Procedural', 'Suspense Mystery', 'Whodunnit', 'Crime', 'Drama', 'Mystery']",['US'],['https://www.facebook.com/LAConfidentialMovie'],['en'],"['Frolic Room - 6245 Hollywood Blvd., Hollywood, Los Angeles, California, USA']","[{'id': 'co0867908', 'name': 'Regency Enterprises'}, {'id': 'co0007127', 'name': 'New Regency Productions'}, {'id': 'co0089381', 'name': 'The Wolper Organization'}]",35000000,126216940,"['Crime', 'Drama', 'Mystery']",False,138,8.2,637896
tt0040522,https://www.imdb.com/title/tt0040522/,Bicycle Thieves,Ladri di biciclette,movie,"In post-war Italy, a working-class man's bicycle is stolen, endangering his efforts to find work. He and his son set out to find it.",https://m.media-amazon.com/images/M/MV5BZTQzYTIxYzItYmQ5YS00MmFhLWEyMjItNTBhMTRmM2Y5MDJhXkEyXkFqcGc@._V1_.jpg,Not Rated,1948,,1949-12-13,"['Tragedy', 'Drama']",['IT'],,"['it', 'de']","['Citta Valmelaina, Via Salaria, Rome, Lazio, Italy']","[{'id': 'co0072996', 'name': 'Produzioni De Sica'}]",133000,451336,['Drama'],False,89,8.2,183935
tt0363163,https://www.imdb.com/title/tt0363163/,Downfall,Der Untergang,movie,"Traudl Junge, the final secretary for Adolf Hitler, tells of the Nazi dictator's final days in his Berlin bunker at the end of WWII.",https://m.media-amazon.com/images/M/MV5BMTU0NTU5NTAyMl5BMl5BanBnXkFtZTYwNzYwMDg2._V1_.jpg,R,2004,,2005-04-08,"['Docudrama', 'Political Drama', 'Tragedy', 'Biography', 'Drama', 'History', 'War']","['DE', 'AT', 'IT']",,"['de', 'ru', 'fr', 'en']","['St. Petersburg, Russia']","[{'id': 'co0002257', 'name': 'Constantin Film'}, {'id': 'co0028284', 'name': 'Norddeutscher Rundfunk (NDR)'}, {'id': 'co0075650', 'name': 'Westdeutscher Rundfunk (WDR)'}]",13500000,92181574,"['Biography', 'Drama', 'History']",False,156,8.2,386341
tt5074352,https://www.imdb.com/title/tt5074352/,Dangal,Dangal,movie,"Mahavir Singh Phogat, a former wrestler, decides to fulfill his dream of winning a gold medal for his country by training his daughters for the Commonwealth Games despite the existing social stigmas.",https://m.media-amazon.com/images/M/MV5BMTQ4MzQzMzM2Nl5BMl5BanBnXkFtZTgwMTQ1NzU3MDI@._V1_.jpg,Not Rated,2016,,2016-12-21,"['Action', 'Biography', 'Drama', 'Sport']","['IN', 'US']",['http://gaga.ne.jp/dangal/'],"['hi', 'en']","['Pune, Maharashtra, India']","[{'id': 'co0026618', 'name': 'Aamir Khan Productions'}, {'id': 'co0131238', 'name': 'UTV Motion Pictures'}, {'id': 'co0008970', 'name': 'Walt Disney Pictures'}]",700000000,303726694,"['Action', 'Biography', 'Drama']",False,161,8.3,223203
tt0075314,https://www.imdb.com/title/tt0075314/,Taxi Driver,Taxi Driver,movie,"A mentally unstable veteran works as a nighttime taxi driver in New York City, where the perceived decadence and sleaze fuels his urge for violent action.",https://m.media-amazon.com/images/M/MV5BZDNhMGYwM2UtMTdlZS00MGQ1LWI2YzAtODY5YWI1MjYyNzRmXkEyXkFqcGc@._V1_.jpg,R,1976,,1976-02-09,"['Psychological Drama', 'Crime', 'Drama']",['US'],,"['en', 'es']","['87 Columbia Heights, Brooklyn, New York, USA']","[{'id': 'co0050868', 'name': 'Columbia Pictures'}, {'id': 'co0043923', 'name': 'Bill/Phillips'}, {'id': 'co0013906', 'name': 'Italo/Judeo Productions'}]",1300000,28580445,"['Crime', 'Drama']",False,114,8.2,970683
tt8503618,https://www.imdb.com/title/tt8503618/,Hamilton,Hamilton,movie,"The real life of one of America's foremost founding fathers and first Secretary of the Treasury, Alexander Hamilton. Captured live on Broadway from the Richard Rodgers Theater with the original Broadway cast.",https://m.media-amazon.com/images/M/MV5BYzBhOWY4ZTktMjE2NS00ZGIyLWJkOGMtNDQyN2JjZWFiODdiXkEyXkFqcGc@._V1_.jpg,PG-13,2020,,2020-07-03,"['Epic', 'Biography', 'Drama', 'History', 'Musical']",['US'],"['https://www.disneyplus.com/movies/wp/3uPmBHWlO6HJ', 'https://www.hotstar.com/id/movies/hamilton/1260032145']","['en', 'fr']","['Richard Rodgers Theatre - 226 W. 46th Street, Manhattan, New York City, New York, USA']","[{'id': 'co0008970', 'name': 'Walt Disney Pictures'}, {'id': 'co0741448', 'name': '5000 Broadway Productions'}, {'id': 'co0799855', 'name': 'Nevis Productions'}]",,,"['Biography', 'Drama', 'History']",False,160,8.3,125874
tt0993846,https://www.imdb.com/title/tt0993846/,The Wolf of Wall Street,The Wolf of Wall Street,movie,"Based on the true story of Jordan Belfort, from his rise to a wealthy stock-broker living the high life to his fall involving crime, corruption and the federal government.",https://m.media-amazon.com/images/M/MV5BMjIxMjgxNTk0MF5BMl5BanBnXkFtZTgwNjIyOTg2MDE@._V1_.jpg,R,2013,,2013-12-25,"['Dark Comedy', 'Docudrama', 'Epic', 'Satire', 'True Crime', 'Biography', 'Comedy', 'Crime', 'Drama', 'Financial Drama']",['US'],"['https://www.facebook.com/TheWolfOfWallStreet', 'https://www.jiotv.com/full-movie/the-wolf-of-wall-street/6466d9e17c28529190d541a81b4d2c82']","['en', 'fr']","['Portofino, Genoa, Liguria, Italy']","[{'id': 'co0325207', 'name': 'Red Granite Pictures'}, {'id': 'co0088354', 'name': 'Appian Way'}, {'id': 'co0141038', 'name': 'Sikelia Productions'}]",100000000,407039432,"['Biography', 'Comedy', 'Crime']",False,180,8.2,1668545
tt0372784,https://www.imdb.com/title/tt0372784/,Batman Begins,Batman Begins,movie,"After witnessing his parents' death, Bruce learns the art of fighting to confront injustice. When he returns to Gotham as Batman, he must stop a secret society that intends to destroy the city.",https://m.media-amazon.com/images/M/MV5BODIyMDdhNTgtNDlmOC00MjUxLWE2NDItODA5MTdkNzY3ZTdhXkEyXkFqcGc@._V1_.jpg,PG-13,2005,,2005-06-15,"['Action Epic', 'Epic', 'Superhero', 'Tragedy', 'Action', 'Drama']","['US', 'GB']",['https://www.facebook.com/darkknighttrilogy'],['en'],"['Skaftafell, Iceland']","[{'id': 'co0002663', 'name': 'Warner Bros.'}, {'id': 'co0147954', 'name': 'Syncopy'}, {'id': 'co0038332', 'name': 'DC Comics'}]",150000000,375404836,"['Action', 'Drama']",False,140,8.2,1636101
tt6966692,https://www.imdb.com/title/tt6966692/,Green Book,Green Book,movie,A working-class Italian-American bouncer becomes the driver for an African-American classical pianist on a tour of venues through the 1960s American South.,https://m.media-amazon.com/images/M/MV5BNDU5YTNmMmItN2QxNy00OGQ0LTg5MTctNzFmYjEzZjcwN2UwXkEyXkFqcGc@._V1_.jpg,PG-13,2018,,2018-11-16,"['Docudrama', 'Period Drama', 'Road Trip', 'Biography', 'Comedy', 'Drama', 'Music']","['US', 'CN']","['http://www.facebook.com/GreenBookMovie/', 'http://www.facebook.com/GreenBookFilmUK/']","['en', 'it', 'ru', 'de']","['Houmas House Plantation, Burnside, Louisiana, USA']","[{'id': 'co0132772', 'name': 'Participant'}, {'id': 'co0819670', 'name': 'Dreamworks Pictures'}, {'id': 'co0646203', 'name': 'Innisfree Pictures'}]",23000000,321752656,"['Biography', 'Comedy', 'Drama']",False,130,8.2,627175
tt0059578,https://www.imdb.com/title/tt0059578/,For a Few Dollars More,Per qualche dollaro in più,movie,Two bounty killers with similar intentions but different motivations team up to track down a psychotic Mexican outlaw before he and his gang can carry out an audacious bank robbery.,https://m.media-amazon.com/images/M/MV5BNTRmOTcyYmYtMTIwNi00ZGYyLTk4YjYtZGJlZTgwZGY0NGQyXkEyXkFqcGc@._V1_.jpg,R,1965,,1967-05-10,"['One-Person Army Action', 'Spaghetti Western', 'Drama', 'Western']","['IT', 'ES']",,"['it', 'en']","['Mini Hollywood, Tabernas, Almería, Andalucía, Spain']","[{'id': 'co0013844', 'name': 'Produzioni Europee Associate (PEA)'}, {'id': 'co0046114', 'name': 'Arturo González Producciones Cinematográficas'}, {'id': 'co0002257', 'name': 'Constantin Film'}]",600000,15000000,"['Drama', 'Western']",False,132,8.2,286274
tt0120382,https://www.imdb.com/title/tt0120382/,The Truman Show,The Truman Show,movie,An insurance salesman discovers his whole life is actually a reality TV show.,https://m.media-amazon.com/images/M/MV5BNzA3ZjZlNzYtMTdjMy00NjMzLTk5ZGYtMTkyYzNiOGM1YmM3XkEyXkFqcGc@._V1_.jpg,PG,1998,,1998-06-05,"['Dark Comedy', 'High-Concept Comedy', 'Psychological Drama', 'Satire', 'Showbiz Drama', 'Comedy', 'Drama']",['US'],['https://www.facebook.com/TheTrumanShowMovie'],['en'],"['Seaside, Florida, USA']","[{'id': 'co0023400', 'name': 'Paramount Pictures'}, {'id': 'co0093765', 'name': 'Scott Rudin Productions'}]",60000000,264118712,"['Comedy', 'Drama']",False,103,8.2,1266372
tt0055031,https://www.imdb.com/title/tt0055031/,Judgment at Nuremberg,Judgment at Nuremberg,movie,"Fictionalized depiction of the 1947 Judges' Trial, the third of twelve trials of Nazi war criminals conducted by the American occupying forces in Nuremberg, Germany, in which former judges of Nazi Germany were tried for their actions.",https://m.media-amazon.com/images/M/MV5BNDc2ODQ5NTE2MV5BMl5BanBnXkFtZTcwODExMjUyNA@@._V1_.jpg,Approved,1961,,1961-12-18,"['Legal Drama', 'Drama', 'War']",['US'],,"['en', 'de']","['former Reichsparteitag area, Nuremberg, Bavaria, Germany']","[{'id': 'co0160497', 'name': 'Roxlom Films Inc.'}]",3000000,12180,"['Drama', 'War']",False,179,8.3,90460
tt0053291,https://www.imdb.com/title/tt0053291/,Some Like It Hot,Some Like It Hot,movie,"After two male musicians witness a mob hit, they flee the state in an all-female band disguised as women, but further complications set in.",https://m.media-amazon.com/images/M/MV5BZTllZDYyNjEtY2RmMS00NmJhLWI4ODAtMTQ0NWFiZTJhZjA0XkEyXkFqcGc@._V1_.jpg,Approved,1959,,1959-03-19,"['Buddy Comedy', 'Farce', 'Screwball Comedy', 'Comedy', 'Music', 'Romance']",['US'],,['en'],"['Hotel del Coronado - 1500 Orange Avenue, Coronado, California, USA']","[{'id': 'co0047869', 'name': 'Ashton Productions'}, {'id': 'co0011112', 'name': 'The Mirisch Corporation'}]",2883848,208457,"['Comedy', 'Music', 'Romance']",False,121,8.2,293295
tt1130884,https://www.imdb.com/title/tt1130884/,Shutter Island,Shutter Island,movie,Two US marshals are sent to a mental institution on an inhospitable island in order to investigate the disappearance of a patient.,https://m.media-amazon.com/images/M/MV5BN2FjNWExYzEtY2YzOC00YjNlLTllMTQtNmIwM2Q1YzBhOWM1XkEyXkFqcGc@._V1_.jpg,R,2010,,2010-02-19,"['Psychological Thriller', 'Suspense Mystery', 'Drama', 'Mystery', 'Thriller']",['US'],['https://ebook-gratuit.net/romans/dennis-lehane-shutter-island/'],"['en', 'de']","['Peddocks Island, Boston Harbor, Boston, Massachusetts, USA']","[{'id': 'co0023400', 'name': 'Paramount Pictures'}, {'id': 'co0029574', 'name': 'Phoenix Pictures'}, {'id': 'co0141038', 'name': 'Sikelia Productions'}]",80000000,294941853,"['Drama', 'Mystery', 'Thriller']",False,138,8.2,1535500
tt0012349,https://www.imdb.com/title/tt0012349/,The Kid,The Kid,movie,"The Tramp cares for an abandoned child, but events put their relationship in jeopardy.",https://m.media-amazon.com/images/M/MV5BNjkxMzY1NTQtN2YwOS00NmIwLTlkNTMtMjNkMzk1ZTk3ZDU2XkEyXkFqcGc@._V1_.jpg,Passed,1921,,1921-02-06,"['Buddy Comedy', 'Slapstick', 'Comedy', 'Drama', 'Family']",['US'],"['https://www.instagram.com/charliechaplinofficial/', 'https://www.charliechaplin.com/en/films/1-The-Kid']",['en'],"['Chaplin Studios - 1416 N. La Brea Avenue, Hollywood, Los Angeles, California, USA']","[{'id': 'co0028083', 'name': 'Charles Chaplin Productions'}]",250000,41979,"['Comedy', 'Drama', 'Family']",False,68,8.2,140240
tt10272386,https://www.imdb.com/title/tt10272386/,The Father,The Father,movie,"A man refuses all assistance from his daughter as he ages. As he tries to make sense of his changing circumstances, he begins to doubt his loved ones, his own mind and even the fabric of his reality.",https://m.media-amazon.com/images/M/MV5BYzUxMDAyMDAtNzIyZi00OGQ1LTllMjEtYzRjOThkZTUxNTliXkEyXkFqcGc@._V1_.jpg,PG-13,2020,,2021-02-26,"['Psychological Drama', 'Drama', 'Mystery']","['GB', 'FR', 'US']","['https://www.facebook.com/TheFatherMovieUS/', 'https://thefather.jp/']",['en'],"['Blythe House, 23 Blythe Road, West Kensington, London, Greater London, England, UK']","[{'id': 'co0812819', 'name': 'Les Films du Cru'}, {'id': 'co0167631', 'name': 'Film4'}, {'id': 'co0410559', 'name': 'Orange Studio'}]",6000000,24048935,"['Drama', 'Mystery']",False,97,8.2,210258
tt0042192,https://www.imdb.com/title/tt0042192/,All About Eve,All About Eve,movie,A seemingly timid but secretly ruthless ingénue insinuates herself into the lives of an aging Broadway star and her circle of theater friends.,https://m.media-amazon.com/images/M/MV5BOTM4ZjUzOGUtYzdlZi00ZmM5LTk5NTEtMjQxNDVmOTc5NWNlXkEyXkFqcGc@._V1_.jpg,Approved,1950,,1950-10-27,"['Showbiz Drama', 'Drama']",['US'],,"['en', 'fr']","['Curran Theatre, San Francisco, California, USA']","[{'id': 'co0000756', 'name': 'Twentieth Century Fox'}]",1400000,154501,['Drama'],False,138,8.2,143712
tt0107290,https://www.imdb.com/title/tt0107290/,Jurassic Park,Jurassic Park,movie,"An industrialist invites some experts to visit his theme park of cloned dinosaurs. After a power failure, the creatures run loose, putting everyone's lives, including his grandchildren's, in danger.",https://m.media-amazon.com/images/M/MV5BMjM2MDgxMDg0Nl5BMl5BanBnXkFtZTgwNTM2OTM5NDE@._V1_.jpg,PG-13,1993,,1993-06-11,"['Dinosaur Adventure', 'Jungle Adventure', 'Action', 'Adventure', 'Sci-Fi', 'Thriller']",['US'],['https://www.facebook.com/JurassicWorldUK/'],"['en', 'es']","['Tehachapi Pass, California, USA']","[{'id': 'co0005073', 'name': 'Universal Pictures'}, {'id': 'co0009119', 'name': 'Amblin Entertainment'}]",63000000,1104379926,"['Action', 'Adventure', 'Sci-Fi']",False,127,8.2,1110705
tt0469494,https://www.imdb.com/title/tt0469494/,There Will Be Blood,There Will Be Blood,movie,"A story of family, religion, hatred, oil and madness, focusing on a turn-of-the-century prospector in the early days of the business.",https://m.media-amazon.com/images/M/MV5BMjAxODQ4MDU5NV5BMl5BanBnXkFtZTcwMDU4MjU1MQ@@._V1_.jpg,R,2007,,2008-01-25,"['Epic', 'Period Drama', 'Psychological Drama', 'Tragedy', 'Drama']",['US'],"['http://www.facebook.com/ThereWillBeBloodMovie', 'http://www.miramax.com/movie/there-will-be-blood']",['en'],"['Lompoc, California, USA']","[{'id': 'co0179341', 'name': 'Paramount Vantage'}, {'id': 'co0022594', 'name': 'Miramax'}, {'id': 'co0027686', 'name': 'Ghoulardi Film Company'}]",25000000,76186873,['Drama'],False,158,8.2,666090
tt0112641,https://www.imdb.com/title/tt0112641/,Casino,Casino,movie,"In Las Vegas, two best friends--a casino executive and a Mafia enforcer--compete for a gambling empire and a fast-living, fast-loving socialite.",https://m.media-amazon.com/images/M/MV5BMDRlZWZjZjYtYzY2NS00ZWVjLTkwYzAtZTA2ZDAzMGRiYmYwXkEyXkFqcGc@._V1_.jpg,R,1995,,1995-11-22,"['Docudrama', 'Epic', 'Gangster', 'True Crime', 'Crime', 'Drama']","['FR', 'US']",['https://casino.officialwebsite.art/'],['en'],"['Le Bistro Lounge, Riviera Hotel & Casino - 2901 Las Vegas Boulevard South, Las Vegas, Nevada, USA']","[{'id': 'co0005073', 'name': 'Universal Pictures'}, {'id': 'co0059966', 'name': 'Syalis DA'}, {'id': 'co0015641', 'name': 'Légende Entreprises'}]",52000000,116112375,"['Crime', 'Drama']",False,178,8.2,587845
tt0167404,https://www.imdb.com/title/tt0167404/,The Sixth Sense,The Sixth Sense,movie,A child psychologist starts treating a young boy with a disturbing secret.,https://m.media-amazon.com/images/M/MV5BZWQ2OTY0M2UtMTQxNC00MmIzLTllNDQtNDQ0MTQyYzI2M2ZiXkEyXkFqcGc@._V1_.jpg,PG-13,1999,,1999-08-06,"['Psychological Drama', 'Psychological Thriller', 'Suspense Mystery', 'Drama', 'Mystery', 'Thriller']",['US'],"['https://www.hotstar.com/id/movies/the-sixth-sense/1260018039', 'https://www.youtube.com/watch?v=eZbKG31K9Hg']","['en', 'la', 'es']","['Striped Bass - 1500 Walnut Street, Philadelphia, Pennsylvania, USA']","[{'id': 'co0076240', 'name': 'Hollywood Pictures'}, {'id': 'co0031181', 'name': 'Spyglass Entertainment'}, {'id': 'co0013175', 'name': 'The Kennedy/Marshall Company'}]",40000000,672806432,"['Drama', 'Mystery', 'Thriller']",False,107,8.2,1092472
tt0089881,https://www.imdb.com/title/tt0089881/,Ran,Ran,movie,"In Medieval Japan, an elderly warlord retires, handing over his empire to his three sons. However, he vastly underestimates how the new-found power will corrupt them and cause them to turn on each other...and him.",https://m.media-amazon.com/images/M/MV5BZDk2NDY5YjktMjEyMC00OTJhLTkzM2EtY2Q4Y2RjYzc2Yjk4XkEyXkFqcGc@._V1_.jpg,R,1985,,1985-06-01,"['Samurai', 'Tragedy', 'War Epic', 'Action', 'Drama', 'War']","['JP', 'FR']",,['ja'],"['Aso-Kuju National Park, Kumamoto, Japan']","[{'id': 'co0012071', 'name': 'Greenwich Film Productions'}, {'id': 'co0086452', 'name': 'Herald Ace'}, {'id': 'co0018207', 'name': 'Nippon Herald Films'}]",11500000,4172381,"['Action', 'Drama', 'War']",False,160,8.2,142382
tt1745960,https://www.imdb.com/title/tt1745960/,Top Gun: Maverick,Top Gun: Maverick,movie,"The story involves Maverick confronting his past while training a group of younger Top Gun graduates, including the son of his deceased best friend, for a dangerous mission.",https://m.media-amazon.com/images/M/MV5BMDBkZDNjMWEtOTdmMi00NmExLTg5MmMtNTFlYTJlNWY5YTdmXkEyXkFqcGc@._V1_.jpg,PG-13,2022,,2022-05-27,"['Action Epic', 'Epic', 'Action', 'Drama']",['US'],"['https://www.facebook.com/TopGunMovie', 'https://www.topgunmovie.com/']",['en'],"['Eldorado National Forest, California, USA']","[{'id': 'co0023400', 'name': 'Paramount Pictures'}, {'id': 'co0152219', 'name': 'Skydance Media'}, {'id': 'co0026281', 'name': 'Jerry Bruckheimer Films'}]",170000000,1495696292,"['Action', 'Drama']",False,130,8.2,762833
tt0477348,https://www.imdb.com/title/tt0477348/,No Country for Old Men,No Country for Old Men,movie,Violence and mayhem ensue after a hunter stumbles upon the aftermath of a drug deal gone wrong and over two million dollars in cash near the Rio Grande.,https://m.media-amazon.com/images/M/MV5BMjA5Njk3MjM4OV5BMl5BanBnXkFtZTcwMTc5MTE1MQ@@._V1_.jpg,R,2007,,2007-11-21,"['Contemporary Western', 'Serial Killer', 'Crime', 'Drama', 'Thriller']",['US'],"['https://www.facebook.com/NoCountryForOldMenMovie', 'http://www.miramax.com/movie/no-country-for-old-men']","['en', 'es']","['Marfa, Texas, USA']","[{'id': 'co0179341', 'name': 'Paramount Vantage'}, {'id': 'co0022594', 'name': 'Miramax'}, {'id': 'co0093765', 'name': 'Scott Rudin Productions'}]",25000000,171632777,"['Crime', 'Drama', 'Thriller']",False,122,8.2,1112878
tt0084787,https://www.imdb.com/title/tt0084787/,The Thing,The Thing,movie,A research team in Antarctica is hunted by a shape-shifting alien that assumes the appearance of its victims.,https://m.media-amazon.com/images/M/MV5BYTA3NDU5MWEtNTk4Yy00ZDNkLThmZTQtMjU3ZGVhYzAyMzU4XkEyXkFqcGc@._V1_.jpg,R,1982,,1982-06-25,"['Alien Invasion', 'Body Horror', 'Monster Horror', 'Supernatural Horror', 'Tragedy', 'Horror', 'Mystery', 'Sci-Fi']","['US', 'CA']",,"['en', 'no']","['Kimberley, British Columbia, Canada']","[{'id': 'co0005073', 'name': 'Universal Pictures'}, {'id': 'co0004522', 'name': 'Turman-Foster Company'}, {'id': 'co0220554', 'name': 'Province of BC, Ministry of Tourism, Film Promotion Office'}]",15000000,20630135,"['Horror', 'Mystery', 'Sci-Fi']",False,109,8.2,493705
tt0457430,https://www.imdb.com/title/tt0457430/,Pan's Labyrinth,El laberinto del fauno,movie,"In 1944 Spain, a girl is sent to live with her ruthless stepfather. During the night, she meets a fairy who takes her to an old faun. He tells her she's a princess, but must prove her royalty by surviving three gruesome tasks.",https://m.media-amazon.com/images/M/MV5BOTc1NTAxMWItMWFlNy00MmU2LTkwMTMtNzMwOTg5OTQ5YTFiXkEyXkFqcGc@._V1_.jpg,R,2006,,2007-01-19,"['Coming-of-Age', 'Dark Fantasy', 'Fairy Tale', 'Period Drama', 'Supernatural Fantasy', 'Teen Fantasy', 'Tragedy', 'Drama', 'Fantasy', 'War']","['MX', 'ES']",['http://www.lelabyrinthedepan.com/'],['es'],"['El Espinar, Segovia, Castilla y León, Spain']","[{'id': 'co0040776', 'name': 'Tequila Gang'}, {'id': 'co0016173', 'name': 'Estudios Picasso'}, {'id': 'co0816169', 'name': 'Esperanto Filmoj'}]",19000000,83863565,"['Drama', 'Fantasy', 'War']",False,118,8.2,721603
tt0105695,https://www.imdb.com/title/tt0105695/,Unforgiven,Unforgiven,movie,Retired Old West gunslinger Will Munny reluctantly takes on one last job to avenge an injustice with the help of his old partner and a newer outlaw known simply as The Schofield Kid.,https://m.media-amazon.com/images/M/MV5BNmZmMzM3YWMtZjg5Yi00M2MxLTg3ZGItNGU4YjQxNDAxM2Q4XkEyXkFqcGc@._V1_.jpg,R,1992,,1992-08-07,"['Period Drama', 'Tragedy', 'Drama', 'Western']",['US'],['https://www.facebook.com/unforgivenofficial'],['en'],"['Brooks, Alberta, Canada']","[{'id': 'co0002663', 'name': 'Warner Bros.'}, {'id': 'co0010258', 'name': 'Malpaso Productions'}]",14400000,159167799,"['Drama', 'Western']",False,130,8.2,451620
tt0268978,https://www.imdb.com/title/tt0268978/,A Beautiful Mind,A Beautiful Mind,movie,"A mathematical genius, John Nash made an astonishing discovery early in his career and stood on the brink of international acclaim. But the handsome and arrogant Nash soon found himself on a harrowing journey of self-discovery.",https://m.media-amazon.com/images/M/MV5BNzljZTk5ZDgtZTQ1Zi00NTM4LThlOGUtZDk2MGM4NDQ4NWQyXkEyXkFqcGc@._V1_.jpg,PG-13,2001,,2002-01-04,"['Docudrama', 'Period Drama', 'Psychological Drama', 'Biography', 'Drama', 'Mystery']",['US'],"['https://www.facebook.com/ABeautifulMindFilm', 'http://www.abeautifulmind.com/']",['en'],"['Manhattan College - Manhattan College Parkway, Riverdale, Manhattan, New York City, New York, USA']","[{'id': 'co0005073', 'name': 'Universal Pictures'}, {'id': 'co0819670', 'name': 'Dreamworks Pictures'}, {'id': 'co0003687', 'name': 'Imagine Entertainment'}]",58000000,316791257,"['Biography', 'Drama', 'Mystery']",False,135,8.2,1017070
tt0266697,https://www.imdb.com/title/tt0266697/,Kill Bill: Vol. 1,Kill Bill: Vol. 1,movie,"After waking from a four-year coma, a former assassin wreaks vengeance on the team of assassins who betrayed her.",https://m.media-amazon.com/images/M/MV5BZmMyYzJlZmYtY2I3NC00NjAyLTkyZWItZjdjZDI1YTYyYTEwXkEyXkFqcGc@._V1_.jpg,R,2003,,2003-10-10,"['Martial Arts', 'One-Person Army Action', 'Action', 'Crime', 'Thriller']","['US', 'CN']",['http://www.facebook.com/KillBillMovie'],"['en', 'ja', 'fr']","[""St. Luke's Hospital - 2632 E. Washington Street, Pasadena, California, USA""]","[{'id': 'co0022594', 'name': 'Miramax'}, {'id': 'co0019267', 'name': 'A Band Apart'}, {'id': 'co0086625', 'name': 'Super Cool ManChu'}]",30000000,180908413,"['Action', 'Crime', 'Thriller']",False,111,8.2,1242685
tt0040897,https://www.imdb.com/title/tt0040897/,The Treasure of the Sierra Madre,The Treasure of the Sierra Madre,movie,Two down-on-their-luck Americans searching for work in 1920s Mexico convince an old prospector to help them mine for gold in the Sierra Madre Mountains.,https://m.media-amazon.com/images/M/MV5BOWM1YjFmODEtMWNhMC00YmI1LWI0Y2EtYzg0YTBhZWI4ODE3XkEyXkFqcGc@._V1_.jpg,Approved,1948,,1948-01-24,"['Tragedy', 'Adventure', 'Drama', 'Western']",['US'],,"['en', 'es']","['Kernville, California, USA']","[{'id': 'co0002663', 'name': 'Warner Bros.'}]",3000000,5014000,"['Adventure', 'Drama', 'Western']",False,126,8.2,136637
tt1392214,https://www.imdb.com/title/tt1392214/,Prisoners,Prisoners,movie,"Keller Dover is facing every parent's worst nightmare. His six-year-old daughter, Anna, is missing, together with her friend, Joy, and as minutes turn to hours, panic sets in. The only lead is an RV that had been parked on their street.",https://m.media-amazon.com/images/M/MV5BMTg0NTIzMjQ1NV5BMl5BanBnXkFtZTcwNDc3MzM5OQ@@._V1_.jpg,R,2013,,2013-09-20,"['Psychological Thriller', 'Suspense Mystery', 'Crime', 'Drama', 'Mystery', 'Thriller']",['US'],"['http://prisonersmovie.warnerbros.com/', 'http://prisoners.jp/']",['en'],"['Conyers, Georgia, USA']","[{'id': 'co0054452', 'name': 'Alcon Entertainment'}, {'id': 'co0252672', 'name': '8:38 Productions'}, {'id': 'co0202761', 'name': 'Madhouse Entertainment'}]",46000000,122127446,"['Crime', 'Drama', 'Mystery']",False,153,8.2,862478
tt0055630,https://www.imdb.com/title/tt0055630/,Yojimbo,Yôjinbô,movie,A crafty ronin comes to a town divided by two criminal gangs and decides to play them against each other to free the town.,https://m.media-amazon.com/images/M/MV5BYzFkODA1N2QtY2UyMC00NTMwLWEyNzctMmE3YjIzNzE1MzY4XkEyXkFqcGc@._V1_.jpg,Not Rated,1961,,1961-09-13,"['One-Person Army Action', 'Period Drama', 'Samurai', 'Action', 'Drama', 'Thriller']",['JP'],,['ja'],"['Toho Studios, Tokyo, Japan']","[{'id': 'co0095216', 'name': 'Kurosawa Production Co.'}, {'id': 'co0366837', 'name': 'Sammy'}, {'id': 'co0002219', 'name': 'Toho'}]",,66365,"['Action', 'Drama', 'Thriller']",False,110,8.2,136693
tt0266543,https://www.imdb.com/title/tt0266543/,Finding Nemo,Finding Nemo,movie,"After his son is captured in the Great Barrier Reef and taken to Sydney, a timid clownfish sets out on a journey to bring him home.",https://m.media-amazon.com/images/M/MV5BMTc5NjExNTA5OV5BMl5BanBnXkFtZTYwMTQ0ODY2._V1_.jpg,G,2003,,2003-05-30,"['Animal Adventure', 'Buddy Comedy', 'Computer Animation', 'Quest', 'Sea Adventure', 'Adventure', 'Animation', 'Comedy', 'Family']","['US', 'JP']","['https://www.facebook.com/PixarFindingNemo', 'http://movies.disney.com/finding-nemo']","['en', 'ja', 'ru']","['Pixar Animation Studios - 1200 Park Avenue, Emeryville, California, USA']","[{'id': 'co0008970', 'name': 'Walt Disney Pictures'}, {'id': 'co0017902', 'name': 'Pixar Animation Studios'}]",94000000,941637960,"['Adventure', 'Animation', 'Comedy']",False,100,8.2,1152523
tt0057115,https://www.imdb.com/title/tt0057115/,The Great Escape,The Great Escape,movie,Allied prisoners of war plan for several hundred of their men to escape from a German camp during World War II.,https://m.media-amazon.com/images/M/MV5BMDRhNmJjMzEtMWU5MC00YmEyLTg3ZmYtNzYxZTI1ZGU4ZjI1XkEyXkFqcGc@._V1_.jpg,Approved,1963,,1963-07-04,"['Period Drama', 'Prison Drama', 'War Epic', 'Adventure', 'Drama', 'Thriller', 'War']",['US'],,"['en', 'de', 'fr', 'ru', 'es']","['Füssen, Bavaria, Germany']","[{'id': 'co0258862', 'name': 'The Mirisch Company'}, {'id': 'co0149497', 'name': 'Alpha Productions'}]",4000000,230637,"['Adventure', 'Drama', 'Thriller']",False,172,8.2,266758
tt0347149,https://www.imdb.com/title/tt0347149/,Howl's Moving Castle,Hauru no ugoku shiro,movie,"When an unconfident young woman is cursed with an old body by a spiteful witch, her only chance of breaking the spell lies with a self-indulgent yet insecure young wizard and his companions in his legged, walking castle.",https://m.media-amazon.com/images/M/MV5BMTY1OTg0MjE3MV5BMl5BanBnXkFtZTcwNTUxMTkyMQ@@._V1_.jpg,PG,2004,,2005-06-17,"['Adventure Epic', 'Anime', 'Hand-Drawn Animation', 'Supernatural Fantasy', 'Adventure', 'Animation', 'Family', 'Fantasy']","['JP', 'US']",['http://movies.disney.com/howls-moving-castle'],['ja'],,"[{'id': 'co1100060', 'name': ""Howl's Moving Castle Production Committee""}, {'id': 'co0049546', 'name': 'Buena Vista Home Entertainment'}, {'id': 'co0064941', 'name': 'DENTSU Music And Entertainment'}]",24000000,240695383,"['Adventure', 'Animation', 'Family']",False,119,8.2,477852
tt0071853,https://www.imdb.com/title/tt0071853/,Monty Python and the Holy Grail,Monty Python and the Holy Grail,movie,"King Arthur and his Knights of the Round Table embark on a surreal, low-budget search for the Holy Grail, encountering many, very silly obstacles.",https://m.media-amazon.com/images/M/MV5BYWY4YmUzZmUtMzQ0ZS00N2Y2LWJlODQtN2IwMDc1MWQwMmU3XkEyXkFqcGc@._V1_.jpg,PG,1975,,1975-05-25,"['Parody', 'Quest', 'Sketch Comedy', 'Slapstick', 'Sword & Sorcery', 'Adventure', 'Comedy', 'Fantasy']",['GB'],,"['en', 'fr', 'la', 'sv']","['Castle Stalker, Appin, Argyll and Bute, Scotland, UK']","[{'id': 'co0103397', 'name': 'Python (Monty) Pictures'}, {'id': 'co0103461', 'name': 'Michael White Productions'}, {'id': 'co0061741', 'name': 'National Film Trustee Company'}]",229575,2817496,"['Adventure', 'Comedy', 'Fantasy']",False,91,8.2,584796
tt0080678,https://www.imdb.com/title/tt0080678/,The Elephant Man,The Elephant Man,movie,"A Victorian surgeon rescues a heavily disfigured man who is mistreated while scraping a living as a side-show freak. Behind his monstrous façade, there is revealed a person of kindness, intelligence and sophistication.",https://m.media-amazon.com/images/M/MV5BMGE3MDZhNmMtMmUxZS00MDJmLTgxYmQtOGU4ODU0Y2JmNDI1XkEyXkFqcGc@._V1_.jpg,PG,1980,,1980-10-10,"['Docudrama', 'Period Drama', 'Tragedy', 'Biography', 'Drama']","['US', 'GB']",,"['en', 'fr']","[""Butler's Wharf, Shad Thames, Southwark, London, England, UK""]","[{'id': 'co0000858', 'name': 'Brooksfilms'}]",5000000,26028672,"['Biography', 'Drama']",False,124,8.2,270999
tt0046912,https://www.imdb.com/title/tt0046912/,Dial M for Murder,Dial M for Murder,movie,A former tennis star arranges the murder of his adulterous wife.,https://m.media-amazon.com/images/M/MV5BZmYzNDgzYjgtNmU3Ny00YzUxLWE3OWUtMjIxZmNkYTVhNDZmXkEyXkFqcGc@._V1_.jpg,PG,1954,,1954-05-29,"['Crime', 'Thriller']",['US'],,['en'],"['Stage 5, Warner Brothers Burbank Studios - 4000 Warner Boulevard, Burbank, California, USA']","[{'id': 'co0002663', 'name': 'Warner Bros.'}]",1400000,45313,"['Crime', 'Drama', 'Mystery']",False,105,8.2,196618
tt0031381,https://www.imdb.com/title/tt0031381/,Gone with the Wind,Gone with the Wind,movie,A sheltered and manipulative Southern belle and a roguish profiteer face off in a turbulent romance as the society around them crumbles with the end of slavery and is rebuilt during the Civil War and Reconstruction periods.,https://m.media-amazon.com/images/M/MV5BYmYxZTE3YzMtYmE2Yy00NmFlLTkzYTAtYTAzN2IzNDFkN2E0XkEyXkFqcGc@._V1_.jpg,G,1939,,1940-01-17,"['Costume Drama', 'Epic', 'Period Drama', 'Romantic Epic', 'Tragic Romance', 'War Epic', 'Drama', 'Romance', 'War']",['US'],,['en'],"['Big Bear Lake, Big Bear Valley, San Bernardino National Forest, California, USA']","[{'id': 'co0130901', 'name': 'Selznick International Pictures'}, {'id': 'co0007143', 'name': 'Metro-Goldwyn-Mayer (MGM)'}]",3977000,402382193,"['Drama', 'Romance', 'War']",False,238,8.2,344566
tt0042876,https://www.imdb.com/title/tt0042876/,Rashomon,Rashômon,movie,"The rape of a bride and the murder of her samurai husband are recalled from the perspectives of a bandit, the bride, the samurai's ghost and a woodcutter.",https://m.media-amazon.com/images/M/MV5BMjEzMzA4NDE2OF5BMl5BanBnXkFtZTcwNTc5MDI2NQ@@._V1_.jpg,Not Rated,1950,,1951-12-26,"['Period Drama', 'Crime', 'Drama', 'Mystery']",['JP'],,['ja'],"['Komyoji Temple, Kyoto, Japan']","[{'id': 'co0045027', 'name': 'Daiei'}]",250000,136931,"['Crime', 'Drama', 'Mystery']",False,88,8.2,188148
tt4729430,https://www.imdb.com/title/tt4729430/,Klaus,Klaus,movie,"A simple act of kindness always sparks another, even in a frozen, faraway place. When Smeerensburg's new postman, Jesper, befriends toymaker Klaus, their gifts melt an age-old feud and deliver a sleigh full of holiday traditions.",https://m.media-amazon.com/images/M/MV5BZDA4ODhlMzctNGRmYi00NmViLTkxZGYtZjRkNGQ5YzYwYWVlXkEyXkFqcGc@._V1_.jpg,PG,2019,,2019-11-15,"['Hand-Drawn Animation', 'Holiday Animation', 'Holiday Comedy', 'Holiday Family', 'Adventure', 'Animation', 'Comedy', 'Family', 'Fantasy', 'Holiday']","['ES', 'GB', 'US', 'AT', 'CA', 'FR']",['http://www.thespastudios.com/'],['en'],,"[{'id': 'co0556296', 'name': 'The SPA Studios'}, {'id': 'co0435170', 'name': 'Atresmedia Cine'}, {'id': 'co0743375', 'name': 'Netflix Animation'}]",40000000,,"['Adventure', 'Animation', 'Comedy']",False,96,8.2,211713
tt0071315,https://www.imdb.com/title/tt0071315/,Chinatown,Chinatown,movie,"A private detective hired to expose an adulterer in 1930s Los Angeles finds himself caught up in a web of deceit, corruption, and murder.",https://m.media-amazon.com/images/M/MV5BNmRmZTE0NmUtZjhiZi00MzQ3LTk3ZjctN2Q3ODYzY2U3MDk3XkEyXkFqcGc@._V1_.jpg,R,1974,,1974-06-20,"['Conspiracy Thriller', 'Hard-boiled Detective', 'Psychological Drama', 'Psychological Thriller', 'Tragedy', 'Drama', 'Mystery', 'Thriller']",['US'],,"['en', 'es']","['Big Tujunga Wash at Foothill Blvd., Sunland, Los Angeles, California, USA']","[{'id': 'co0023400', 'name': 'Paramount Pictures'}, {'id': 'co0001235', 'name': 'Penthouse Video'}, {'id': 'co0044146', 'name': 'Long Road Productions'}]",6000000,29231954,"['Drama', 'Mystery', 'Thriller']",False,130,8.1,362901
tt1305806,https://www.imdb.com/title/tt1305806/,The Secret in Their Eyes,El secreto de sus ojos,movie,A retired legal counselor writes a novel hoping to find closure for one of his past unresolved homicide cases and for his unreciprocated love with his superior - both of which still haunt him decades later.,https://m.media-amazon.com/images/M/MV5BMTgwNTI3OTczOV5BMl5BanBnXkFtZTcwMTM3MTUyMw@@._V1_.jpg,R,2009,,2010-05-21,"['Dark Romance', 'Erotic Thriller', 'Legal Thriller', 'Period Drama', 'Psychological Drama', 'Psychological Thriller', 'Suspense Mystery', 'Tragedy', 'Whodunnit', 'Drama']","['AR', 'ES']",,['es'],"['Estación Retiro, Retiro, Buenos Aires, Federal District, Argentina']","[{'id': 'co0033873', 'name': 'Tornasol Films'}, {'id': 'co0233453', 'name': 'Haddock Films'}, {'id': 'co0119804', 'name': '100 Bares'}]",2000000,35079650,"['Drama', 'Mystery', 'Romance']",False,129,8.2,231105
tt0120735,https://www.imdb.com/title/tt0120735/,"Lock, Stock and Two Smoking Barrels","Lock, Stock and Two Smoking Barrels",movie,"When four small-time criminals lose a rigged poker game against a London kingpin, he gives them one week to settle their enormous debt.",https://m.media-amazon.com/images/M/MV5BMmY1M2M5ZmMtYzllZC00YzAxLTk4MjktZDJkNjA1MTUwMGQ4XkEyXkFqcGc@._V1_.jpg,R,1998,,1998-08-28,"['Farce', 'Comedy', 'Crime']","['GB', 'US']",['https://www.facebook.com/LSand2SB/'],['en'],"['St John Street, London, Greater London, England, UK']","[{'id': 'co0046206', 'name': 'Summit Entertainment'}, {'id': 'co0024369', 'name': 'The Steve Tisch Company'}, {'id': 'co0000750', 'name': 'SKA Films'}]",960000,3753929,"['Comedy', 'Crime']",False,107,8.1,632431
tt0434409,https://www.imdb.com/title/tt0434409/,V for Vendetta,V for Vendetta,movie,"In a future British dystopian society, a shadowy freedom fighter, known only by the alias of ""V"", plots to overthrow the tyrannical government - with the help of a young woman.",https://m.media-amazon.com/images/M/MV5BOTI5ODc3NzExNV5BMl5BanBnXkFtZTcwNzYxNzQzMw@@._V1_.jpg,R,2005,,2006-03-17,"['Dystopian Sci-Fi', 'Political Thriller', 'Superhero', 'Action', 'Drama', 'Sci-Fi', 'Thriller']","['US', 'GB', 'DE']","['https://www.facebook.com/pages/V-For-Vendetta/191457994228848', 'http://vforvendetta.warnerbros.com/']","['en', 'fr', 'la', 'es']","['Aldwych Underground Railway Station, Surrey Street, Aldwych, Westminster, Greater London, England, UK']","[{'id': 'co0002663', 'name': 'Warner Bros.'}, {'id': 'co0038332', 'name': 'DC Comics'}, {'id': 'co0167271', 'name': 'Virtual Studios'}]",54000000,134686457,"['Action', 'Drama', 'Sci-Fi']",False,132,8.1,1209742
tt2096673,https://www.imdb.com/title/tt2096673/,Inside Out,Inside Out,movie,"After young Riley is uprooted from her Midwest life and moved to San Francisco, her emotions - Joy, Fear, Anger, Disgust and Sadness - conflict on how best to navigate a new city, house, and school.",https://m.media-amazon.com/images/M/MV5BOTgxMDQwMDk0OF5BMl5BanBnXkFtZTgwNjU5OTg2NDE@._V1_.jpg,PG,2015,,2015-06-19,"['Coming-of-Age', 'Computer Animation', 'Adventure', 'Animation', 'Comedy', 'Drama', 'Family', 'Fantasy']",['US'],"['http://movies.disney.com/inside-out', 'http://aja.disney.com/inside-out']","['en', 'pt', 'lv']","['Pixar Animation Studios - 1200 Park Avenue, Emeryville, California, USA']","[{'id': 'co0017902', 'name': 'Pixar Animation Studios'}, {'id': 'co0008970', 'name': 'Walt Disney Pictures'}]",175000000,859076254,"['Adventure', 'Animation', 'Comedy']",False,95,8.1,859053
tt14961016,https://www.imdb.com/title/tt14961016/,I'm Still Here,Ainda Estou Aqui,movie,"A mother is forced to reinvent herself when her family's life is shattered by an act of arbitrary violence during the tightening grip of a military dictatorship in Brazil, 1971.",https://m.media-amazon.com/images/M/MV5BM2FjMjBiZjgtZDkyYy00YTRlLTk5N2QtODE2ZWIyYWE0Yzg0XkEyXkFqcGc@._V1_.jpg,PG-13,2024,,2025-02-07,"['Docudrama', 'Period Drama', 'Political Drama', 'Biography', 'Drama', 'History']","['BR', 'FR']",['https://imstillhere-film.com/'],['pt'],"['Rua Roquete Pinto 7, Urca, Rio d Janeiro, RJ, Brazil']","[{'id': 'co0018942', 'name': 'VideoFilmes'}, {'id': 'co0258481', 'name': 'RT Features'}, {'id': 'co0076886', 'name': 'MACT Productions'}]",8000000,29937463,"['Biography', 'Drama', 'History']",False,137,8.4,94509
tt29623480,https://www.imdb.com/title/tt29623480/,The Wild Robot,The Wild Robot,movie,"After a shipwreck, an intelligent robot called Roz is stranded on an uninhabited island. To survive the harsh environment, Roz bonds with the island's animals and cares for an orphaned baby goose.",https://m.media-amazon.com/images/M/MV5BZjM2M2E3YzAtZDJjYy00MDhkLThiYmItOGZhNzQ3NTgyZmI0XkEyXkFqcGc@._V1_.jpg,PG,2024,,2024-09-27,"['Artificial Intelligence', 'Computer Animation', 'Survival', 'Animation', 'Sci-Fi']","['US', 'JP']","['https://www.facebook.com/dreamworksthewildrobot/', 'https://www.instagram.com/thewildrobot/']","['en', 'de', 'fr', 'es', 'sw', 'ja']",,"[{'id': 'co0169264', 'name': 'Dentsu'}, {'id': 'co0129164', 'name': 'DreamWorks Animation'}]",78000000,333165945,"['Animation', 'Sci-Fi']",False,102,8.2,151738
tt5027774,https://www.imdb.com/title/tt5027774/,"Three Billboards Outside Ebbing, Missouri","Three Billboards Outside Ebbing, Missouri",movie,A mother personally challenges the local authorities to solve her daughter's murder when they fail to catch the culprit.,https://m.media-amazon.com/images/M/MV5BMjI0ODcxNzM1N15BMl5BanBnXkFtZTgwMzIwMTEwNDI@._V1_.jpg,R,2017,,2017-12-01,"['Dark Comedy', 'Satire', 'Comedy', 'Crime', 'Drama']","['GB', 'US']","['https://www.channel4.com/programmes/three-billboards-outside-ebbing-missouri', 'http://www.facebook.com/ThreeBillboardsOutsideEbbing/']",['en'],"['Black Mountain, North Carolina, USA']","[{'id': 'co0010002', 'name': 'Blueprint Pictures'}, {'id': 'co0167631', 'name': 'Film4'}, {'id': 'co0028932', 'name': 'Searchlight Pictures'}]",15000000,162729321,"['Comedy', 'Crime', 'Drama']",False,115,8.1,578754
tt0050212,https://www.imdb.com/title/tt0050212/,The Bridge on the River Kwai,The Bridge on the River Kwai,movie,"British POWs are forced to build a railway bridge across the river Kwai for their Japanese captors in occupied Burma, not knowing that the allied forces are planning a daring commando raid through the jungle to destroy it.",https://m.media-amazon.com/images/M/MV5BNzdkYmU2YmItNmZiYy00OWQyLTg0YWYtZmUxM2U3YTRiNTQ1XkEyXkFqcGc@._V1_.jpg,PG,1957,,1957-12-14,"['Jungle Adventure', 'War Epic', 'Adventure', 'Drama', 'War']","['GB', 'US']",,"['en', 'ja', 'th']","['Ambepussa, Sri Lanka']","[{'id': 'co0103190', 'name': 'Horizon Pictures (II)'}]",3000000,27200530,"['Adventure', 'Drama', 'War']",False,161,8.1,240503
tt0117951,https://www.imdb.com/title/tt0117951/,Trainspotting,Trainspotting,movie,"Renton, deeply immersed in the Edinburgh drug scene, tries to clean up and get out despite the allure of drugs and the influence of friends.",https://m.media-amazon.com/images/M/MV5BYmVkNGJkMzQtYWQwOS00OTZmLThjODQtZjNjNzllYzRiNTE0XkEyXkFqcGc@._V1_.jpg,R,1996,,1996-08-09,"['Dark Comedy', 'Psychological Drama', 'Drama']","['GB', 'US']","['http://www.facebook.com/TrainSpottingOfficial', 'http://www.miramax.com/movie/trainspotting']",['en'],"['Corrour Railway Station, Highland, Scotland, UK']","[{'id': 'co0022594', 'name': 'Miramax'}, {'id': 'co0103532', 'name': 'Channel Four Films'}, {'id': 'co0103732', 'name': 'Figment Films'}]",1500000,16981823,['Drama'],False,93,8.1,746098
tt0081398,https://www.imdb.com/title/tt0081398/,Raging Bull,Raging Bull,movie,"The life of boxer Jake LaMotta, whose violence and temper that led him to the top in the ring destroyed his life outside of it.",https://m.media-amazon.com/images/M/MV5BMjlkYmYyZWQtNTZkOS00ZjA0LWEwNWUtNzE2ZGNiYjg0MjA2XkEyXkFqcGc@._V1_.jpg,R,1980,,1980-12-19,"['Boxing', 'Docudrama', 'Biography', 'Drama', 'Sport']",['US'],,['en'],"[""Hell's Kitchen, Manhattan, New York City, New York, USA""]","[{'id': 'co0054262', 'name': 'Chartoff-Winkler Productions'}]",18000000,23405883,"['Biography', 'Drama', 'Sport']",False,129,8.1,393405
tt0264464,https://www.imdb.com/title/tt0264464/,Catch Me If You Can,Catch Me If You Can,movie,"Barely 17 yet, Frank is a skilled forger who has passed as a doctor, lawyer and pilot. FBI agent Carl becomes obsessed with tracking down the con man, who only revels in the pursuit.",https://m.media-amazon.com/images/M/MV5BMTY5MzYzNjc5NV5BMl5BanBnXkFtZTYwNTUyNTc2._V1_.jpg,PG-13,2002,,2002-12-25,"['Caper', 'Coming-of-Age', 'Docudrama', 'Period Drama', 'True Crime', 'Biography', 'Crime', 'Drama']","['US', 'CA']",['https://www.facebook.com/CatchMeIfYouCanMovie'],"['en', 'fr']","['Alcatraz Prison, Alcatraz Island, San Francisco Bay, California, USA']","[{'id': 'co0819670', 'name': 'Dreamworks Pictures'}, {'id': 'co0084134', 'name': 'Kemp Company'}, {'id': 'co0112912', 'name': 'Splendid Pictures'}]",52000000,352114312,"['Biography', 'Crime', 'Drama']",False,141,8.1,1153958
tt0116282,https://www.imdb.com/title/tt0116282/,Fargo,Fargo,movie,Minnesota car salesman Jerry Lundegaard's inept crime falls apart due to his and his henchmen's bungling and the persistent police work of the quite pregnant Marge Gunderson.,https://m.media-amazon.com/images/M/MV5BNjg4MWE0MjEtODFhNy00MjA5LTg5ODktMzgwNWFmZTAwNjBlXkEyXkFqcGc@._V1_.jpg,R,1996,,1996-04-05,"['Cop Drama', 'Dark Comedy', 'Police Procedural', 'Tragedy', 'Crime', 'Drama', 'Thriller']","['GB', 'US']","['https://www.facebook.com/Fargo', 'https://fargo.officialwebsite.art/']",['en'],"['Grafton, North Dakota, USA']","[{'id': 'co0106129', 'name': 'PolyGram Filmed Entertainment'}, {'id': 'co0057311', 'name': 'Working Title Films'}]",7000000,60611975,"['Crime', 'Drama', 'Thriller']",False,98,8.1,751408
tt1291584,https://www.imdb.com/title/tt1291584/,Warrior,Warrior,movie,"The youngest son of an alcoholic former boxer returns home, where he's trained by his father for competition in a mixed martial arts tournament - a path that puts the fighter on a collision course with his estranged, older brother.",https://m.media-amazon.com/images/M/MV5BMTk4ODk5MTMyNV5BMl5BanBnXkFtZTcwMDMyNTg0Ng@@._V1_.jpg,PG-13,2011,,2011-09-09,"['Boxing', 'Action', 'Drama', 'Sport']",['US'],['http://www.warriorfilm.com/'],"['en', 'es']","['Meadows Racetrack & Casino - 210 Racetrack Road, Washington, Pennsylvania, USA']","[{'id': 'co0006881', 'name': 'Lionsgate'}, {'id': 'co0272027', 'name': 'Mimran Schur Pictures'}, {'id': 'co0018083', 'name': 'Solaris'}]",25000000,23308615,"['Action', 'Drama', 'Sport']",False,140,8.1,511779
tt1201607,https://www.imdb.com/title/tt1201607/,Harry Potter and the Deathly Hallows: Part 2,Harry Potter and the Deathly Hallows - Part 2,movie,"As the battle between the forces of good and evil in the wizarding world escalates, Harry Potter draws ever closer to his final confrontation with Voldemort.",https://m.media-amazon.com/images/M/MV5BOTA1Mzc2N2ItZWRiNS00MjQzLTlmZDQtMjU0NmY1YWRkMGQ4XkEyXkFqcGc@._V1_.jpg,PG-13,2011,,2011-07-15,"['Dark Fantasy', 'Teen Adventure', 'Teen Fantasy', 'Adventure', 'Family', 'Fantasy', 'Mystery']","['GB', 'US']","['http://www.facebook.com/harrypotter', 'http://www.instagram.com/harrypotter']","['en', 'la']","['Freshwater West Beach, Castlemartin, Pembroke, Pembrokeshire, Wales, UK']","[{'id': 'co0002663', 'name': 'Warner Bros.'}, {'id': 'co0159772', 'name': 'Heyday Films'}]",125000000,1342499744,"['Adventure', 'Family', 'Fantasy']",False,130,8.1,989828
tt1205489,https://www.imdb.com/title/tt1205489/,Gran Torino,Gran Torino,movie,"After a Hmong teenager tries to steal his prized 1972 Gran Torino, a disgruntled, prejudiced Korean War veteran seeks to redeem both the boy and himself.",https://m.media-amazon.com/images/M/MV5BMTc5NTk2OTU1Nl5BMl5BanBnXkFtZTcwMDc3NjAwMg@@._V1_.jpg,R,2008,,2009-01-09,['Drama'],"['DE', 'US']","['https://www.facebook.com/GranTorinoFilm', 'http://wwws.warnerbros.co.jp/grantorino/']",['en'],"['238 Rhode Island Street Highland Park Michigan, USA']","[{'id': 'co0255998', 'name': 'Matten Productions'}, {'id': 'co0112616', 'name': 'Double Nickel Entertainment'}, {'id': 'co0062831', 'name': 'Gerber Pictures'}]",33000000,269958228,['Drama'],False,116,8.1,835425
tt0405159,https://www.imdb.com/title/tt0405159/,Million Dollar Baby,Million Dollar Baby,movie,"Frankie, an ill-tempered old coach, reluctantly agrees to train aspiring boxer Maggie. Impressed with her determination and talent, he helps her become the best and the two soon form a close bond.",https://m.media-amazon.com/images/M/MV5BMTkxNzA1NDQxOV5BMl5BanBnXkFtZTcwNTkyMTIzMw@@._V1_.jpg,PG-13,2004,,2005-01-28,"['Boxing', 'Tragedy', 'Drama', 'Sport']",['US'],"['https://www.facebook.com/MillionDollarBabyMovie', 'https://www.warnerbros.com/movies/million-dollar-baby']","['en', 'ga']","['Hollywood Athletic Club - 6525 W. Sunset Blvd., Hollywood, Los Angeles, California, USA']","[{'id': 'co0002663', 'name': 'Warner Bros.'}, {'id': 'co0005323', 'name': 'Lakeshore Entertainment'}, {'id': 'co0010258', 'name': 'Malpaso Productions'}]",30000000,216763646,"['Drama', 'Sport']",False,132,8.1,742862
tt0096283,https://www.imdb.com/title/tt0096283/,My Neighbor Totoro,Tonari no Totoro,movie,"When two girls move to the country to be near their ailing mother, they have adventures with the wondrous forest spirits who live nearby.",https://m.media-amazon.com/images/M/MV5BYWM3MDE3YjEtMzIzZC00ODE5LTgxNTItNmUyMTBkM2M2NmNiXkEyXkFqcGc@._V1_.jpg,G,1988,,1990-07-13,"['Anime', 'Hand-Drawn Animation', 'Iyashikei', 'Animation', 'Comedy', 'Family', 'Fantasy']",['JP'],"['https://www.ghibli.jp/works/totoro/', 'http://movies.disney.com/my-neighbor-totoro']",['ja'],,"[{'id': 'co0006071', 'name': 'Tokuma Japan Communications'}, {'id': 'co0048420', 'name': 'Studio Ghibli'}, {'id': 'co0205112', 'name': 'Nibariki'}]",3700000,30320800,"['Animation', 'Comedy', 'Family']",False,86,8.1,403141
tt1392190,https://www.imdb.com/title/tt1392190/,Mad Max: Fury Road,Mad Max: Fury Road,movie,"In a post-apocalyptic wasteland, a woman rebels against a tyrannical ruler in search for her homeland with the aid of a group of female prisoners, a psychotic worshipper and a drifter named Max.",https://m.media-amazon.com/images/M/MV5BZDRkODJhOTgtOTc1OC00NTgzLTk4NjItNDgxZDY4YjlmNDY2XkEyXkFqcGc@._V1_.jpg,R,2015,,2015-05-15,"['Action Epic', 'Adventure Epic', 'Car Action', 'Desert Adventure', 'Dystopian Sci-Fi', 'Quest', 'Road Trip', 'Action', 'Adventure', 'Sci-Fi']","['AU', 'US']","['https://www.facebook.com/MadMaxMovie', 'https://www.warnerbros.com/movies/mad-max-fury-road/']","['en', 'ru']","['Namib Desert, Namibia']","[{'id': 'co0002663', 'name': 'Warner Bros.'}, {'id': 'co0227121', 'name': 'Village Roadshow Pictures'}, {'id': 'co0351258', 'name': 'Kennedy Miller Mitchell'}]",150000000,380437267,"['Action', 'Adventure', 'Sci-Fi']",False,120,8.1,1157884
tt10872600,https://www.imdb.com/title/tt10872600/,Spider-Man: No Way Home,Spider-Man: No Way Home,movie,"With Spider-Man's identity now revealed, Peter asks Doctor Strange for help. When a spell goes wrong, dangerous foes from other worlds start to appear.",https://m.media-amazon.com/images/M/MV5BMmFiZGZjMmEtMTA0Ni00MzA2LTljMTYtZGI2MGJmZWYzZTQ2XkEyXkFqcGc@._V1_.jpg,PG-13,2021,,2021-12-17,"['Superhero', 'Supernatural Fantasy', 'Urban Adventure', 'Action', 'Adventure', 'Fantasy', 'Sci-Fi']",['US'],['https://www.spidermannowayhome.movie/'],['en'],['Iceland'],"[{'id': 'co0050868', 'name': 'Columbia Pictures'}, {'id': 'co0532247', 'name': 'Pascal Pictures'}, {'id': 'co0051941', 'name': 'Marvel Studios'}]",200000000,1952723719,"['Action', 'Adventure', 'Fantasy']",False,148,8.2,939426
tt0052618,https://www.imdb.com/title/tt0052618/,Ben-Hur,Ben-Hur,movie,"A Jewish prince is betrayed and sent into slavery by a Roman friend in 1st-century Jerusalem, but it's not long before he regains his freedom and comes back for revenge.",https://m.media-amazon.com/images/M/MV5BNjg2M2E1YzYtOThmMC00NjAyLWI5MzgtMDEwOGFiODdlOGUzXkEyXkFqcGc@._V1_.jpg,G,1959,,1959-11-18,"['Adventure Epic', 'Epic', 'Period Drama', 'Sword & Sandal', 'Adventure', 'Drama']",['US'],"['https://www.facebook.com/BenHurMovie/', 'https://www.warnerbros.com/movies/ben-hur']",['en'],"['Corner of Via di Salone and Via delle Case Rosse, Salone Caves, Rome, Lazio, Italy']","[{'id': 'co0007143', 'name': 'Metro-Goldwyn-Mayer (MGM)'}]",15000000,74439321,"['Adventure', 'Drama']",False,212,8.1,261444
tt0118849,https://www.imdb.com/title/tt0118849/,Children of Heaven,Bacheha-ye aseman,movie,"After a boy loses his sister's pair of shoes, he goes on a series of adventures in order to find them. When he can't, he tries a new way to ""win"" a new pair.",https://m.media-amazon.com/images/M/MV5BZWZlMjNhNzgtZGRhOS00Y2U5LThjOTctODNjZTI0ZTBiYzBhXkEyXkFqcGc@._V1_.jpg,PG,1997,,1999-01-22,"['Drama', 'Family', 'Sport']",['IR'],"['http://www.facebook.com/ChildrenofHeavenMovie', 'http://www.miramax.com/movie/children-of-heaven']",['fa'],"['Tehran, Iran']","[{'id': 'co0053189', 'name': 'Kanun parvaresh fekri'}]",180000,933933,"['Drama', 'Family', 'Sport']",False,89,8.2,84870
tt0072684,https://www.imdb.com/title/tt0072684/,Barry Lyndon,Barry Lyndon,movie,An Irish rogue wins the heart of a rich widow and assumes her dead husband's aristocratic position in 18th-century England.,https://m.media-amazon.com/images/M/MV5BNmM2MGQ5Y2UtYzA3ZC00ZDJlLTkwNDYtMjBmZGExZDJiN2RlXkEyXkFqcGc@._V1_.jpg,PG,1975,,1975-12-18,"['Costume Drama', 'Epic', 'Period Drama', 'Adventure', 'Drama', 'War']","['GB', 'US']",,"['en', 'de', 'fr']","['Carton House, Maynooth, County Kildare, Ireland']","[{'id': 'co0025454', 'name': 'Peregrine'}, {'id': 'co0113563', 'name': 'Hawk Films'}, {'id': 'co0002663', 'name': 'Warner Bros.'}]",11000000,279084,"['Adventure', 'Drama', 'War']",False,185,8.1,191651
tt2024544,https://www.imdb.com/title/tt2024544/,12 Years a Slave,12 Years a Slave,movie,"In the antebellum United States, Solomon Northup, a free black man from upstate New York, is abducted and sold into slavery.",https://m.media-amazon.com/images/M/MV5BMjExMTEzODkyN15BMl5BanBnXkFtZTcwNTU4NTc4OQ@@._V1_.jpg,R,2013,,2013-11-08,"['Costume Drama', 'Docudrama', 'Epic', 'Period Drama', 'Tragedy', 'Biography', 'Drama', 'History']","['GB', 'US']",['https://www.facebook.com/12YearsASlave'],['en'],"[""Madame John's Legacy, the French Quarter, New Orleans, Louisiana, USA""]","[{'id': 'co0007127', 'name': 'New Regency Productions'}, {'id': 'co0120121', 'name': 'River Road Entertainment'}, {'id': 'co0136967', 'name': 'Plan B Entertainment'}]",20000000,187734091,"['Biography', 'Drama', 'History']",False,134,8.1,761221
tt0112471,https://www.imdb.com/title/tt0112471/,Before Sunrise,Before Sunrise,movie,"A young man and woman meet on a train in Europe, and wind up spending one evening together in Vienna. Unfortunately, both know that this will probably be their only night together.",https://m.media-amazon.com/images/M/MV5BZDZhZmI1ZTUtYWI3NC00NTMwLTk3NWMtNDc0OGNjM2I0ZjlmXkEyXkFqcGc@._V1_.jpg,R,1995,,1995-01-27,"['Drama', 'Romance']","['US', 'AT']",,"['en', 'de', 'fr']","['Café Sperl, Gumpendorfer Strasse 11, Vienna, Austria']","[{'id': 'co0040620', 'name': 'Castle Rock Entertainment'}, {'id': 'co0123642', 'name': 'Detour Filmproduction'}, {'id': 'co0258139', 'name': 'Filmhaus Wien Universa Filmproduktions'}]",2500000,6568101,"['Drama', 'Romance']",False,101,8.1,356215
tt0097165,https://www.imdb.com/title/tt0097165/,Dead Poets Society,Dead Poets Society,movie,"Maverick teacher John Keating returns in 1959 to the prestigious New England boys' boarding school where he was once a star student, using poetry to embolden his pupils to new heights of self-expression.",https://m.media-amazon.com/images/M/MV5BMDYwNGVlY2ItMWYxMS00YjZiLWE5MTAtYWM5NWQ2ZWJjY2Q3XkEyXkFqcGc@._V1_.jpg,PG,1989,,1989-06-09,"['Coming-of-Age', 'Teen Drama', 'Comedy', 'Drama']",['US'],,"['en', 'la']","[""St. Andrew's School - 350 Noxontown Road, Middletown, Delaware, USA""]","[{'id': 'co0049348', 'name': 'Touchstone Pictures'}, {'id': 'co0133018', 'name': 'Silver Screen Partners IV'}, {'id': 'co0587257', 'name': 'A Steven Haft Production'}]",16400000,235860116,"['Comedy', 'Drama']",False,128,8.1,585135
tt0083658,https://www.imdb.com/title/tt0083658/,Blade Runner,Blade Runner,movie,A blade runner must pursue and terminate four replicants who stole a ship in space and have returned to Earth to find their creator.,https://m.media-amazon.com/images/M/MV5BOWQ4YTBmNTQtMDYxMC00NGFjLTkwOGQtNzdhNmY1Nzc1MzUxXkEyXkFqcGc@._V1_.jpg,R,1982,,1982-06-25,"['Artificial Intelligence', 'Cyber Thriller', 'Cyberpunk', 'Dystopian Sci-Fi', 'Action', 'Drama', 'Sci-Fi', 'Thriller']","['US', 'GB']",['http://bladerunnerthemovie.warnerbros.com/'],"['en', 'de', 'ja', 'hu', 'ar', 'ko']","['Bradbury Building - 304 S. Broadway, Downtown, Los Angeles, California, USA']","[{'id': 'co0042559', 'name': 'The Ladd Company'}, {'id': 'co0484967', 'name': 'Shaw Brothers'}, {'id': 'co0002663', 'name': 'Warner Bros.'}]",28000000,41758452,"['Action', 'Drama', 'Sci-Fi']",False,117,8.1,849706
tt2278388,https://www.imdb.com/title/tt2278388/,The Grand Budapest Hotel,The Grand Budapest Hotel,movie,"A writer encounters the owner of an aging high-class hotel, who tells him of his early years serving as a lobby boy in the hotel's glorious years under an exceptional concierge.",https://m.media-amazon.com/images/M/MV5BMzM5NjUxOTEyMl5BMl5BanBnXkFtZTgwNjEyMDM0MDE@._V1_.jpg,R,2014,,2014-03-28,"['Caper', 'Quirky Comedy', 'Adventure', 'Comedy', 'Crime']","['US', 'DE']",['http://www.facebook.com/TheGrandBudapestHotel'],"['en', 'fr', 'de']","['Görlitz, Saxony, Germany']","[{'id': 'co0982337', 'name': 'Fox Searchlight Pictures'}, {'id': 'co0215519', 'name': 'Indian Paintbrush'}, {'id': 'co0053177', 'name': 'Studio Babelsberg'}]",25000000,174567384,"['Adventure', 'Comedy', 'Crime']",False,99,8.1,920822
tt2119532,https://www.imdb.com/title/tt2119532/,Hacksaw Ridge,Hacksaw Ridge,movie,"World War II American Army Medic Desmond T. Doss, serving during the Battle of Okinawa, refuses to kill people and becomes the first man in American history to receive the Medal of Honor without firing a shot.",https://m.media-amazon.com/images/M/MV5BMjQ1NjM3MTUxNV5BMl5BanBnXkFtZTgwMDc5MTY5OTE@._V1_.jpg,R,2016,,2016-11-04,"['Docudrama', 'Epic', 'Period Drama', 'War Epic', 'Biography', 'Drama', 'History', 'War']",['US'],"['https://www.facebook.com/HacksawRidge/', 'http://hacksawridge.jp/']","['en', 'ja']","['Sydney, New South Wales, Australia']","[{'id': 'co0046206', 'name': 'Summit Entertainment'}, {'id': 'co0285648', 'name': 'Cross Creek Pictures'}, {'id': 'co0317576', 'name': 'Demarest Films'}]",40000000,180563636,"['Biography', 'Drama', 'History']",False,139,8.1,630886
tt2267998,https://www.imdb.com/title/tt2267998/,Gone Girl,Gone Girl,movie,The husband of a missing woman becomes the chief suspect in her disappearance.,https://m.media-amazon.com/images/M/MV5BMTk0MDQ3MzAzOV5BMl5BanBnXkFtZTgwNzU1NzE3MjE@._V1_.jpg,R,2014,,2014-10-03,"['Erotic Thriller', 'Psychological Drama', 'Psychological Thriller', 'Suspense Mystery', 'Tragedy', 'Drama', 'Mystery', 'Thriller']",['US'],"['http://www.facebook.com/GoneGirlMovie', 'https://www.foxmovies.com/movies/gone-girl']",['en'],"['Cape Girardeau, Missouri, USA']","[{'id': 'co0000756', 'name': 'Twentieth Century Fox'}, {'id': 'co0007127', 'name': 'New Regency Productions'}, {'id': 'co0420822', 'name': 'TSG Entertainment'}]",61000000,370890259,"['Drama', 'Mystery', 'Thriller']",False,149,8.1,1113328
tt0353969,https://www.imdb.com/title/tt0353969/,Memories of Murder,Salinui chueok,movie,"In a small Korean province in 1986, two detectives struggle with the case of multiple young women being found raped and murdered by an unknown culprit.",https://m.media-amazon.com/images/M/MV5BYmRjOWE5NmMtYTdkYS00ODFlLWJiMTMtYzE2NDZlZjlkZDQ0XkEyXkFqcGc@._V1_.jpg,Not Rated,2003,,2003-05-02,"['Dark Comedy', 'Korean Drama', 'Police Procedural', 'Serial Killer', 'True Crime', 'Crime', 'Drama', 'Mystery', 'Thriller']",['KR'],['http://www.cj-entertainment.com/movie/memories-of-murder/'],"['ko', 'en']",['South Korea'],"[{'id': 'co0073647', 'name': 'Sidus'}, {'id': 'co0043365', 'name': 'CJ Entertainment'}, {'id': 'co0338039', 'name': 'Muhan Investment'}]",2800000,1210156,"['Crime', 'Drama', 'Mystery']",False,132,8.1,237140
tt0107207,https://www.imdb.com/title/tt0107207/,In the Name of the Father,In the Name of the Father,movie,"An Irish man's coerced confession to an I.R.A. bombing he did not commit results in the imprisonment of his father as well. Meanwhile, a British lawyer fights to clear their names and free them.",https://m.media-amazon.com/images/M/MV5BMGZiZDVjNzYtZWM4ZC00MzVkLThhNDEtMDJlOTBhYzVjMmNhXkEyXkFqcGc@._V1_.jpg,R,1993,,1994-02-25,"['Docudrama', 'Legal Drama', 'Period Drama', 'Prison Drama', 'Tragedy', 'True Crime', 'Biography', 'Crime', 'Drama']","['IE', 'US', 'GB']",,['en'],"['Kilmainham Jail, Dublin, County Dublin, Ireland']","[{'id': 'co0019015', 'name': ""Hell's Kitchen Films""}, {'id': 'co0005073', 'name': 'Universal Pictures'}]",13000000,65796862,"['Biography', 'Crime', 'Drama']",False,133,8.1,194594
tt0198781,https://www.imdb.com/title/tt0198781/,"Monsters, Inc.","Monsters, Inc.",movie,"In order to power the city, monsters have to scare children so that they scream. However, the children are toxic to the monsters, and after a child gets through, two monsters realize things may not be what they think.",https://m.media-amazon.com/images/M/MV5BMTY1NTI0ODUyOF5BMl5BanBnXkFtZTgwNTEyNjQ0MDE@._V1_.jpg,G,2001,,2001-11-23,"['Buddy Comedy', 'Computer Animation', 'Supernatural Fantasy', 'Urban Adventure', 'Adventure', 'Animation', 'Comedy', 'Family', 'Fantasy']",['US'],"['https://www.facebook.com/PixarMonstersInc', 'https://www.pixar.com/feature-films/monsters-inc']",['en'],"['Pixar Animation Studios - 1200 Park Avenue, Emeryville, California, USA']","[{'id': 'co0008970', 'name': 'Walt Disney Pictures'}, {'id': 'co0017902', 'name': 'Pixar Animation Studios'}]",115000000,579770299,"['Adventure', 'Animation', 'Comedy']",False,92,8.1,1020403
tt0382932,https://www.imdb.com/title/tt0382932/,Ratatouille,Ratatouille,movie,A rat who can cook makes an unusual alliance with a young kitchen worker at a famous Paris restaurant.,https://m.media-amazon.com/images/M/MV5BMTMzODU0NTkxMF5BMl5BanBnXkFtZTcwMjQ4MzMzMw@@._V1_.jpg,G,2007,,2007-06-27,"['Animal Adventure', 'Computer Animation', 'Adventure', 'Animation', 'Comedy', 'Family', 'Fantasy']",['US'],"['https://movies.disney.com/ratatouille', 'https://www.hotstar.com/id/movies/ratatouille/1260016855']","['en', 'fr']","['Pixar Animation Studios - 1200 Park Avenue, Emeryville, California, USA']","[{'id': 'co0008970', 'name': 'Walt Disney Pictures'}, {'id': 'co0017902', 'name': 'Pixar Animation Studios'}]",150000000,623729107,"['Adventure', 'Animation', 'Comedy']",False,111,8.1,876332
tt0015864,https://www.imdb.com/title/tt0015864/,The Gold Rush,The Gold Rush,movie,"A prospector goes to the Klondike during the 1890s gold rush in hopes of making his fortune, and is smitten with a girl he sees in a dance hall.",https://m.media-amazon.com/images/M/MV5BNGU1NjYzYTAtZmY0YS00NWIzLTkzNzUtYzc2ZTIyOTIxZjVhXkEyXkFqcGc@._V1_.jpg,Approved,1925,,1925-08-16,"['Farce', 'Feel-Good Romance', 'Romantic Comedy', 'Slapstick', 'Adventure', 'Comedy', 'Drama', 'Romance', 'Western']",['US'],"['https://www.instagram.com/charliechaplinofficial/', 'https://www.charliechaplin.com/en/films/2-The-Gold-Rush']",['en'],"['Sierra Nevada Mountains, California, USA']","[{'id': 'co0028083', 'name': 'Charles Chaplin Productions'}]",923000,31490,"['Adventure', 'Comedy', 'Drama']",False,95,8.1,122943
tt3011894,https://www.imdb.com/title/tt3011894/,Wild Tales,Relatos salvajes,movie,Six short stories that explore the extremities of human behavior involving people in distress.,https://m.media-amazon.com/images/M/MV5BNzAzMjA1ODAxOV5BMl5BanBnXkFtZTgwODg4NTQzNDE@._V1_.jpg,R,2014,,2014-08-21,"['Dark Comedy', 'Comedy', 'Drama', 'Thriller']","['AR', 'ES', 'FR', 'GB']","['http://php.warnerlab.com.br/relatosselvagens/', 'https://es-es.facebook.com/relatossalvajesoficial']",['es'],"['Cafayate, Salta, Argentina']","[{'id': 'co0196381', 'name': 'K&S Films'}, {'id': 'co0006440', 'name': 'El Deseo'}, {'id': 'co0037736', 'name': 'Televisión Federal (Telefe)'}]",3300000,31478893,"['Comedy', 'Drama', 'Thriller']",False,122,8.1,226594
tt0892769,https://www.imdb.com/title/tt0892769/,How to Train Your Dragon,How to Train Your Dragon,movie,"A hapless young Viking who aspires to hunt dragons becomes the unlikely friend of a young dragon himself, and learns there may be more to the creatures than he assumed.",https://m.media-amazon.com/images/M/MV5BMjA5NDQyMjc2NF5BMl5BanBnXkFtZTcwMjg5ODcyMw@@._V1_.jpg,PG,2010,,2010-03-26,"['Computer Animation', 'Sword & Sorcery', 'Teen Fantasy', 'Action', 'Adventure', 'Animation', 'Family', 'Fantasy']","['US', 'FR', 'GB']","['https://www.facebook.com/HowToTrainYourDragon', 'http://www.howtotrainyourdragon.com/']",['en'],,"[{'id': 'co0129164', 'name': 'DreamWorks Animation'}, {'id': 'co0266260', 'name': 'Mad Hatter Entertainment'}, {'id': 'co0084207', 'name': 'Vertigo Entertainment'}]",165000000,494879860,"['Action', 'Adventure', 'Animation']",False,98,8.1,836728
tt0015324,https://www.imdb.com/title/tt0015324/,Sherlock Jr.,Sherlock Jr.,movie,"A film projectionist longs to be a detective, and puts his meagre skills to work when he is framed by a rival for stealing his girlfriend's father's pocketwatch.",https://m.media-amazon.com/images/M/MV5BMjQzM2E2NjYtYmRjMC00ZmVlLTljZTgtNmQ5MGZlNDYyZTc5XkEyXkFqcGc@._V1_.jpg,Passed,1924,,1924-05-11,"['Bumbling Detective', 'Farce', 'Feel-Good Romance', 'Romantic Comedy', 'Slapstick', 'Action', 'Comedy', 'Romance']",['US'],['https://mk2films.com/film/sherlock-junior/'],['en'],"['3630 Pasadena Ave, Los Angeles, California, USA']","[{'id': 'co0081891', 'name': 'Buster Keaton Productions'}]",,399,"['Action', 'Comedy', 'Romance']",False,45,8.2,61051
tt0073195,https://www.imdb.com/title/tt0073195/,Jaws,Jaws,movie,"When a massive killer shark unleashes chaos on a beach community off Long Island, it's up to a local sheriff, a marine biologist, and an old seafarer to hunt the beast down.",https://m.media-amazon.com/images/M/MV5BYjViNDQzNmUtYzkxZi00NTk5LTljMmItYjJlZmZkODIxNjU1XkEyXkFqcGc@._V1_.jpg,PG,1975,,1975-06-20,"['Sea Adventure', 'Survival', 'Adventure', 'Drama', 'Thriller']",['US'],['https://www.facebook.com/JawsMovie/'],['en'],"[""Water Street, Edgartown, Martha's Vineyard, Massachusetts, USA""]","[{'id': 'co0019166', 'name': 'Zanuck/Brown Productions'}, {'id': 'co0005073', 'name': 'Universal Pictures'}]",7000000,477220580,"['Adventure', 'Drama', 'Horror']",False,124,8.1,689652
tt0978762,https://www.imdb.com/title/tt0978762/,Mary and Max,Mary and Max.,movie,"In 1976 Melbourne, a lonely 8-year-old girl strikes up a correspondence with an unlikely pen pal: a severely obese 44-year-old New Yorker with Asperger's syndrome.",https://m.media-amazon.com/images/M/MV5BNzY2Mjc4NjMtNGY4Mi00NzM5LTk3ZTQtN2VkNzVkMzRmM2Y2XkEyXkFqcGc@._V1_.jpg,Not Rated,2009,,2009-04-09,"['Adult Animation', 'Coming-of-Age', 'Dark Comedy', 'Stop Motion Animation', 'Animation', 'Comedy', 'Drama']",['AU'],"['https://www.mfa-film.de/kino/id/mary-max-oder-schrumpfen-schafe-wenn-es-regnet-2/', 'http://maryandmax-movie.com/']","['en', 'yi']","['Melbourne, Victoria, Australia']","[{'id': 'co0112023', 'name': 'Melodrama Pictures'}]",8240000,1740791,"['Animation', 'Comedy', 'Drama']",False,92,8.1,194870
tt0077416,https://www.imdb.com/title/tt0077416/,The Deer Hunter,The Deer Hunter,movie,An in-depth examination of the ways in which the Vietnam War impacts and disrupts the lives of several friends in a small steel mill town in Pennsylvania.,https://m.media-amazon.com/images/M/MV5BZGI4YmVhMzMtMWExMS00MGZiLTg2MmItM2I2MWZjODAyM2U5XkEyXkFqcGc@._V1_.jpg,R,1978,,1979-02-23,"['Epic', 'War Epic', 'Drama', 'War']","['US', 'GB']","['https://www.facebook.com/TheDeerHunterMovie/', 'https://www.uphe.com/movies/the-deer-hunter']","['en', 'vi', 'fr', 'ru']","['St. Theodosius Russian Orthodox Church - 733 Starkweather Avenue, Cleveland, Ohio, USA']","[{'id': 'co0103338', 'name': 'EMI Films'}]",15000000,49080126,"['Drama', 'War']",False,183,8.1,373563
tt0017925,https://www.imdb.com/title/tt0017925/,The General,The General,movie,"After being rejected by the Confederate military, not realizing it was due to his crucial civilian role, an engineer must single-handedly recapture his beloved locomotive after it is seized by Union spies and return it through enemy lines.",https://m.media-amazon.com/images/M/MV5BMTVhM2Y1MDUtMDkxYi00Y2UxLWI2MTMtZjMzYTY4ODM4MGIzXkEyXkFqcGc@._V1_.jpg,Passed,1926,,1927-01-02,"['Farce', 'Slapstick', 'Action', 'Adventure', 'Comedy', 'Drama', 'War']",['US'],,,"['Cottage Grove, Oregon, USA']","[{'id': 'co0081891', 'name': 'Buster Keaton Productions'}, {'id': 'co0000357', 'name': 'Joseph M. Schenck Productions'}]",750000,612,"['Action', 'Adventure', 'Comedy']",False,78,8.1,101926
tt1950186,https://www.imdb.com/title/tt1950186/,Ford v Ferrari,Ford v Ferrari,movie,American car designer Carroll Shelby and driver Ken Miles battle corporate interference and the laws of physics to build a revolutionary race car for Ford in order to defeat Ferrari at the 24 Hours of Le Mans in 1966.,https://m.media-amazon.com/images/M/MV5BOTBjNTEyNjYtYjdkNi00YzE5LTljYzUtZjVlYmYwZmJmZWYxXkEyXkFqcGc@._V1_.jpg,PG-13,2019,,2019-11-15,"['Docudrama', 'Motorsport', 'Period Drama', 'Action', 'Biography', 'Drama', 'Sport']",['US'],"['https://www.facebook.com/FordvFerrari', 'https://www.instagram.com/fordvferrari/']","['en', 'it', 'fr', 'ja']","['Savannah, Georgia, USA']","[{'id': 'co0286257', 'name': 'Chernin Entertainment'}, {'id': 'co0420822', 'name': 'TSG Entertainment'}, {'id': 'co0799219', 'name': 'Turnpike Films'}]",97600000,225508210,"['Action', 'Biography', 'Drama']",False,152,8.1,515832
tt0046268,https://www.imdb.com/title/tt0046268/,The Wages of Fear,Le salaire de la peur,movie,"In a decrepit South American village, four men are hired to transport an urgent nitroglycerine shipment without the equipment that would make it safe.",https://m.media-amazon.com/images/M/MV5BMDdhOGMwODQtZGM2MS00NGQxLWEyZDMtOTkzMjFjYjI3ZmM2XkEyXkFqcGc@._V1_.jpg,Not Rated,1953,,1955-02-16,"['Psychological Drama', 'Survival', 'Adventure', 'Drama', 'Thriller']","['FR', 'IT']",,"['fr', 'en', 'es', 'de', 'it', 'ru']","['Bouches-du-Rhône, France']","[{'id': 'co0002264', 'name': 'Compagnie Industrielle et Commerciale Cinématographique (CICC)'}, {'id': 'co0010228', 'name': 'Filmsonor'}, {'id': 'co0132005', 'name': 'Vera Films'}]",,1098,"['Adventure', 'Drama', 'Thriller']",False,156,8.1,69723
tt0047296,https://www.imdb.com/title/tt0047296/,On the Waterfront,On the Waterfront,movie,"An ex-prize fighter turned New Jersey longshoreman struggles to stand up to his corrupt union bosses, including his older brother, as he starts to connect with the grieving sister of one of the syndicate's victims.",https://m.media-amazon.com/images/M/MV5BZDJlYTM1ZGYtZTM4YS00MzFhLThiZjktYzQ0ZjAzMGYwZTU3XkEyXkFqcGc@._V1_.jpg,Approved,1954,,1954-06-22,"['Crime', 'Drama', 'Thriller']",['US'],,"['en', 'la']","['St Peter and St Paul Church - 400 Hudson Street, Hoboken, New Jersey, USA']","[{'id': 'co0218910', 'name': 'Horizon Pictures'}]",910000,3768,"['Crime', 'Drama', 'Thriller']",False,108,8.1,171106
tt0031679,https://www.imdb.com/title/tt0031679/,Mr. Smith Goes to Washington,Mr. Smith Goes to Washington,movie,"A naive youth leader is appointed to fill a vacancy in the U.S. Senate. His idealistic plans promptly collide with corruption at home and subterfuge from his hero in Washington, but he tries to forge ahead despite attacks on his character.",https://m.media-amazon.com/images/M/MV5BMDU4ZjNmMjEtMjcxYi00NDAxLWFlMjQtNWIyNjg5NWUzNTdjXkEyXkFqcGc@._V1_.jpg,Approved,1939,,1939-10-19,"['Political Drama', 'Comedy', 'Drama']",['US'],,['en'],"['Lincoln Memorial, National Mall, Washington, District of Columbia, USA']","[{'id': 'co0050868', 'name': 'Columbia Pictures'}]",1900000,146123,"['Comedy', 'Drama']",False,129,8.1,125209
tt0050986,https://www.imdb.com/title/tt0050986/,Wild Strawberries,Smultronstället,movie,"After living a life marked by coldness, an aging professor is forced to confront the emptiness of his existence.",https://m.media-amazon.com/images/M/MV5BZWQ5MDllM2EtZWRmNS00MmZiLWI4ZWQtMjRiY2Q5MTAxODY4XkEyXkFqcGc@._V1_.jpg,Not Rated,1957,,1959-06-22,"['Psychological Drama', 'Drama', 'Romance']",['SE'],,"['sv', 'la']","['Dalarö, Stockholms län, Sweden']","[{'id': 'co0050989', 'name': 'Svensk Filmindustri (SF)'}]",,81070,"['Drama', 'Romance']",False,92,8.1,119541
tt3315342,https://www.imdb.com/title/tt3315342/,Logan,Logan,movie,"In a future where mutants are nearly extinct, an elderly and weary Logan leads a quiet life. But when Laura, a mutant child pursued by scientists, comes to him for help, he must get her to safety.",https://m.media-amazon.com/images/M/MV5BM2JjODdkMGMtNmY2YS00OGM2LThiY2YtZGYyNzE4Nzc2ODA0XkEyXkFqcGc@._V1_.jpg,R,2017,,2017-03-03,"['Dystopian Sci-Fi', 'Road Trip', 'Superhero', 'Action', 'Drama', 'Sci-Fi', 'Thriller']",['US'],"['https://www.marvel.com/movies/logan', 'https://www.hotstar.com/in/movies/logan/1770016994']","['en', 'es']","['Just outside Northern Meadows community, Rio Rancho, New Mexico, USA']","[{'id': 'co0000756', 'name': 'Twentieth Century Fox'}, {'id': 'co0047120', 'name': 'Marvel Entertainment'}, {'id': 'co0420822', 'name': 'TSG Entertainment'}]",97000000,619180476,"['Action', 'Drama', 'Sci-Fi']",False,137,8.1,882895
tt0041959,https://www.imdb.com/title/tt0041959/,The Third Man,The Third Man,movie,"Pulp novelist Holly Martins travels to shadowy, postwar Vienna, only to find himself investigating the mysterious death of an old friend, Harry Lime.",https://m.media-amazon.com/images/M/MV5BNTAwZjAwZDUtNDc1Yi00OGY3LTgzMjktYjIyMjQzOWE3MmVhXkEyXkFqcGc@._V1_.jpg,Approved,1949,,1950-02-01,"['Film Noir', 'Hard-boiled Detective', 'Whodunnit', 'Mystery', 'Thriller']","['GB', 'US']",['https://www.studiocanal.com/title/the-third-man-1949/'],"['en', 'de', 'ru', 'fr']","['8 Schreyvogelgasse, Vienna, Austria']","[{'id': 'co0103018', 'name': 'London Film Productions'}]",,1406393,"['Drama', 'Film-Noir', 'Mystery']",False,104,8.1,188707
tt0075148,https://www.imdb.com/title/tt0075148/,Rocky,Rocky,movie,A small-time Philadelphia boxer gets a supremely rare chance to fight the world heavyweight champion in a bout in which he strives to go the distance for his self-respect.,https://m.media-amazon.com/images/M/MV5BZDEyY2M2MGMtYjg5OC00ZWFjLWFkZDQtNmQzZTdiYmYzZTBkXkEyXkFqcGc@._V1_.jpg,PG,1976,,1976-12-03,"['Boxing', 'Drama', 'Sport']",['US'],"['https://www.instagram.com/rockymovie/', 'https://www.mgm.com/movies/rocky']","['en', 'es', 'it']","['1818 East Tusculum Street, Kensington, North Philadelphia, Pennsylvania, USA']","[{'id': 'co0054262', 'name': 'Chartoff-Winkler Productions'}]",960000,117253184,"['Drama', 'Sport']",False,120,8.1,655388
tt0046438,https://www.imdb.com/title/tt0046438/,Tokyo Story,Tôkyô monogatari,movie,"An old couple visit their children and grandchildren in the city, but receive little attention.",https://m.media-amazon.com/images/M/MV5BODdkNzcxZjItMDU2Yy00Y2JlLWFkYTQtNzIwM2Q4MWU5MTU2XkEyXkFqcGc@._V1_.jpg,Not Rated,1953,,1972-03-13,"['Psychological Drama', 'Drama']",['JP'],,"['ja', 'en']","['Tokyo, Japan']","[{'id': 'co0007001', 'name': 'Shochiku'}, {'id': 'co0837272', 'name': 'Entertain Me Productions'}]",,92310,['Drama'],False,137,8.1,73108
tt26548265,https://www.imdb.com/title/tt26548265/,Maharaja,Maharaja,movie,"A barber seeks vengeance after his home is burglarized, cryptically telling police his ""lakshmi"" has been taken, leaving them uncertain if it's a person or object. His quest to recover the elusive ""lakshmi"" unfolds.",https://m.media-amazon.com/images/M/MV5BOTFlMTIxOGItZTk0Zi00MTk2LWJiM2UtMzlhZWYzNjQ4N2Y3XkEyXkFqcGc@._V1_.jpg,,2024,,2024-06-13,"['One-Person Army Action', 'Action', 'Crime', 'Drama', 'Thriller']",['IN'],['https://www.netflix.com/title/81690671'],['ta'],,"[{'id': 'co0717585', 'name': 'Passion Studios'}, {'id': 'co0946109', 'name': 'The Route'}]",200000000,975543,"['Action', 'Crime', 'Drama']",False,141,8.4,65209
tt0118715,https://www.imdb.com/title/tt0118715/,The Big Lebowski,The Big Lebowski,movie,"Jeff ""The Dude"" Lebowski, mistaken for a millionaire of the same name, seeks restitution for his ruined rug and enlists his bowling buddies to help get it.",https://m.media-amazon.com/images/M/MV5BY2E3OWQ5OWYtYTRkMC00NjVjLWIzZDQtNmRmM2ZiYTIyYmYxXkEyXkFqcGc@._V1_.jpg,R,1998,,1998-03-06,"['Drug Crime', 'Satire', 'Stoner Comedy', 'Comedy', 'Crime']","['GB', 'US']",,"['en', 'de', 'he', 'es']","['South Pasadena, California, USA']","[{'id': 'co0030612', 'name': 'Polygram Filmed Entertainment'}, {'id': 'co0057311', 'name': 'Working Title Films'}]",15000000,48066943,"['Comedy', 'Crime']",False,117,8.1,886053
tt1895587,https://www.imdb.com/title/tt1895587/,Spotlight,Spotlight,movie,"The true story of how the Boston Globe uncovered the massive scandal of child molestation and cover-up within the local Catholic Archdiocese, shaking the entire Catholic Church to its core.",https://m.media-amazon.com/images/M/MV5BMjIyOTM5OTIzNV5BMl5BanBnXkFtZTgwMDkzODE2NjE@._V1_.jpg,R,2015,,2015-11-20,"['Docudrama', 'Legal Drama', 'Period Drama', 'True Crime', 'Workplace Drama', 'Biography', 'Crime', 'Drama']",['US'],"['https://www.facebook.com/SpotlightMovie', 'http://spotlightthefilm.com/']",['en'],"['333 Bay Street, Bay-Adelaide Centre, Toronto, Ontario, Canada']","[{'id': 'co0132772', 'name': 'Participant'}, {'id': 'co0732581', 'name': 'First Look Media'}, {'id': 'co0017525', 'name': 'Anonymous Content'}]",20000000,98690254,"['Biography', 'Crime', 'Drama']",False,129,8.1,516279
tt0050976,https://www.imdb.com/title/tt0050976/,The Seventh Seal,Det sjunde inseglet,movie,"A knight returning to Sweden after the Crusades seeks answers about life, death, and the existence of God as he plays chess against the Grim Reaper during the Black Plague.",https://m.media-amazon.com/images/M/MV5BZDlmYTkzOWUtODQ0MS00MmM4LWE3ZjMtYTEwNGUwMmJkYzIxXkEyXkFqcGc@._V1_.jpg,Not Rated,1957,,1958-10-13,"['Psychological Drama', 'Drama', 'Fantasy']",['SE'],,"['sv', 'la']","['Hovs Hallar - Naturreservat, Skåne län, Sweden']","[{'id': 'co0050989', 'name': 'Svensk Filmindustri (SF)'}]",150000,311212,"['Drama', 'Fantasy']",False,96,8.1,206809
tt0088247,https://www.imdb.com/title/tt0088247/,The Terminator,The Terminator,movie,A cyborg assassin from the future attempts to find and kill a young woman who is destined to give birth to a warrior that will lead a resistance to save humankind from extinction.,https://m.media-amazon.com/images/M/MV5BZmE0YzIxM2QtMGNlMi00MjRmLWE3MWMtOWQzMGVjMmU0YTFmXkEyXkFqcGc@._V1_.jpg,R,1984,,1984-10-26,"['Artificial Intelligence', 'Cyberpunk', 'Dystopian Sci-Fi', 'Time Travel', 'Urban Adventure', 'Action', 'Adventure', 'Sci-Fi']","['GB', 'US']",['https://www.facebook.com/TheTerminatorMovie'],"['en', 'es']","['720 S Hill Street, Los Angeles, California, USA']","[{'id': 'co0779514', 'name': ""Cinema '84""}, {'id': 'co0215706', 'name': 'Euro Film Funding'}, {'id': 'co0056805', 'name': 'Hemdale'}]",6400000,78371200,"['Action', 'Adventure', 'Sci-Fi']",False,107,8.1,958549
tt3170832,https://www.imdb.com/title/tt3170832/,Room,Room,movie,"A little boy is held captive in a room with his mother since his birth, so he has never known the world outside.",https://m.media-amazon.com/images/M/MV5BMjE4NzgzNzEwMl5BMl5BanBnXkFtZTgwMTMzMDE0NjE@._V1_.jpg,R,2015,,2016-01-22,"['Psychological Drama', 'Drama', 'Thriller']","['IE', 'CA', 'GB', 'US']","['https://www.facebook.com/RoomTheMovie/', 'http://roomthemovie.com/#/']",['en'],"['Apache Burgers, 5236 Dundas St. W., Etobicoke, Ontario, Canada']","[{'id': 'co0214624', 'name': 'Element Pictures'}, {'id': 'co0018776', 'name': 'Bord Scannán na hÉireann / The Irish Film Board'}, {'id': 'co0167631', 'name': 'Film4'}]",13000000,35402766,"['Drama', 'Thriller']",False,118,8.1,465565
tt0325980,https://www.imdb.com/title/tt0325980/,Pirates of the Caribbean: The Curse of the Black Pearl,Pirates of the Caribbean: The Curse of the Black Pearl,movie,"Blacksmith Will Turner teams up with eccentric pirate ""Captain"" Jack Sparrow to save Elizabeth Swann, the governor's daughter and his love, from Jack's former pirate allies, who are now undead.",https://m.media-amazon.com/images/M/MV5BNDhlMzEyNzItMTA5Mi00YWRhLThlNTktYTQyMTA0MDIyNDEyXkEyXkFqcGc@._V1_.jpg,PG-13,2003,,2003-07-09,"['Sea Adventure', 'Supernatural Fantasy', 'Swashbuckler', 'Sword & Sandal', 'Action', 'Adventure', 'Fantasy']",['US'],"['https://www.hotstar.com/in/movies/pirates-of-the-caribbean-the-curse-of-the-black-pearl/1660010115', 'https://www.facebook.com/PiratesoftheCaribbean']",['en'],"['Samana, Dominican Republic']","[{'id': 'co0008970', 'name': 'Walt Disney Pictures'}, {'id': 'co0026281', 'name': 'Jerry Bruckheimer Films'}]",140000000,654264546,"['Action', 'Adventure', 'Fantasy']",False,143,8.1,1257032
tt0113247,https://www.imdb.com/title/tt0113247/,La haine,La haine,movie,24 hours in the lives of three young men in the French suburbs the day after a violent riot.,https://m.media-amazon.com/images/M/MV5BMThlMDA3NDYtZGM2Zi00NmJhLThlYWItZjViZTkzZWU1ZWRiXkEyXkFqcGc@._V1_.jpg,Not Rated,1995,,1996-02-23,"['Gangster', 'Psychological Drama', 'Crime', 'Drama']",['FR'],"['https://le-pacte.com/international/film/la-haine-2', 'http://www.lazennec.com/fiche.php?id=14']","['fr', 'yi']","['Chanteloup-les-Vignes, Yvelines, France']","[{'id': 'co0056741', 'name': 'Les Productions Lazennec'}, {'id': 'co0399354', 'name': 'Le Studio Canal+'}, {'id': 'co0072659', 'name': 'La Sept Cinéma'}]",2590000,755409,"['Crime', 'Drama']",False,98,8.1,209415
tt15097216,https://www.imdb.com/title/tt15097216/,Jai Bhim,Jai Bhim,movie,"When a tribal man is arrested for a case of alleged theft, his wife turns to a human-rights lawyer to help bring justice.",https://m.media-amazon.com/images/M/MV5BZjEyNDIzNmEtMjdkYS00ZDAwLTljOWYtNDRhYTVhYTlmOTk1XkEyXkFqcGc@._V1_.jpg,Approved,2021,,2021-11-02,"['Legal Drama', 'Drama']","['IN', 'US']",,['ta'],,"[{'id': 'co0536867', 'name': '2D Entertainment'}]",,,"['Crime', 'Drama']",False,164,8.7,224319
tt0395169,https://www.imdb.com/title/tt0395169/,Hotel Rwanda,Hotel Rwanda,movie,"Paul Rusesabagina, a hotel manager, houses over a thousand Tutsi refugees during their struggle against the Hutu militia in Rwanda, Africa.",https://m.media-amazon.com/images/M/MV5BY2FmMWRmZmQtN2IzMS00OGVmLWFmNjktMTM0YWQzODcwYTEwXkEyXkFqcGc@._V1_.jpg,PG-13,2004,,2005-02-04,"['Docudrama', 'Biography', 'Drama', 'History', 'War']","['US', 'GB', 'ZA']","['http://www.metrofilms.com/hotelrwanda/', 'http://www.mgm.com/ua/hotelrwanda/']","['en', 'fr', 'rw']",['Rwanda'],"[{'id': 'co0026841', 'name': 'United Artists'}, {'id': 'co0006881', 'name': 'Lionsgate'}, {'id': 'co0127643', 'name': 'Industrial Development Corporation of South Africa'}]",17500000,33882243,"['Biography', 'Drama', 'History']",False,121,8.1,382197
tt0091763,https://www.imdb.com/title/tt0091763/,Platoon,Platoon,movie,"Chris Taylor, a neophyte recruit in Vietnam, finds himself caught in a battle of wills between two sergeants, one good and the other evil. A shrewd examination of the brutality of war and the duality of man in conflict.",https://m.media-amazon.com/images/M/MV5BZjE4YjllODAtZGMxZS00Mjg2LThkOWUtZjNkMjQ5YThiNDU4XkEyXkFqcGc@._V1_.jpg,R,1986,,1987-02-06,"['Drama', 'War']","['US', 'GB']",['https://www.facebook.com/PlatoonMovie'],"['en', 'vi']",['Philippines'],"[{'id': 'co0056805', 'name': 'Hemdale'}, {'id': 'co0779514', 'name': ""Cinema '84""}, {'id': 'co0043707', 'name': 'Cinema 86'}]",6000000,138545632,"['Drama', 'War']",False,120,8.1,453216
tt0381681,https://www.imdb.com/title/tt0381681/,Before Sunset,Before Sunset,movie,"Nine years after Jesse and Celine first met, they encounter each other again on the French leg of Jesse's book tour.",https://m.media-amazon.com/images/M/MV5BMTQ1MjAwNTM5Ml5BMl5BanBnXkFtZTYwNDM0MTc3._V1_.jpg,R,2004,,2004-07-30,"['Drama', 'Romance']","['FR', 'US']","['http://www.facebook.com/BeforeSunsetMovie', 'http://wip.warnerbros.com/beforesunset/']","['en', 'fr']","['Seine River, Paris, France']","[{'id': 'co0106448', 'name': 'Warner Independent Pictures (WIP)'}, {'id': 'co0040620', 'name': 'Castle Rock Entertainment'}, {'id': 'co0123642', 'name': 'Detour Filmproduction'}]",2700000,16505440,"['Drama', 'Romance']",False,80,8.1,300088
tt0036868,https://www.imdb.com/title/tt0036868/,The Best Years of Our Lives,The Best Years of Our Lives,movie,"Three World War II veterans, two of them traumatized or disabled, return home to the American midwest to discover that they and their families have been irreparably changed.",https://m.media-amazon.com/images/M/MV5BNTgxMzUyODQtMDJmZC00ZGMyLWI3MzAtZTYwYjBjZjFmMzIxXkEyXkFqcGc@._V1_.jpg,Approved,1946,,1947-05-29,"['Epic', 'Feel-Good Romance', 'Drama', 'Romance', 'War']",['US'],,['en'],"['Ontario International Airport - 2900 E. Airport Drive, Ontario, California, USA']","[{'id': 'co0016710', 'name': 'The Samuel Goldwyn Company'}]",2100000,23667133,"['Drama', 'Romance', 'War']",False,170,8.1,73737
tt0070047,https://www.imdb.com/title/tt0070047/,The Exorcist,The Exorcist,movie,"When a mysterious entity possesses a young girl, her mother seeks the help of two Catholic priests to save her life.",https://m.media-amazon.com/images/M/MV5BZjg3YjE4ZjAtYTdmYS00ZTBkLWE1ZjgtNzAzODUwNzRiYjlmXkEyXkFqcGc@._V1_.jpg,R,1973,,1973-12-26,"['Body Horror', 'Supernatural Horror', 'Horror']",['US'],"['https://www.facebook.com/TheExorcist.Official', 'http://theexorcist.warnerbros.com/']","['en', 'la', 'el', 'fr', 'de', 'ar', 'ku']","['Mosul, Iraq']","[{'id': 'co0002663', 'name': 'Warner Bros.'}, {'id': 'co0069305', 'name': 'Hoya Productions'}]",11000000,430872776,['Horror'],False,122,8.1,474504
tt0019254,https://www.imdb.com/title/tt0019254/,The Passion of Joan of Arc,La passion de Jeanne d'Arc,movie,"In 1431, Jeanne d'Arc is placed on trial on charges of heresy. The ecclesiastical jurists attempt to force Jeanne to recant her claims of holy visions.",https://m.media-amazon.com/images/M/MV5BNTE1MDliZjgtYTU2Yy00YjAxLTljYTItNDE2ZGYwYTY1MGQ1XkEyXkFqcGc@._V1_.jpg,Passed,1928,,1928-10-25,"['Legal Drama', 'Period Drama', 'Psychological Drama', 'Tragedy', 'Biography', 'Drama', 'History']",['FR'],,['fr'],"['Boulogne-Billancourt, Hauts-de-Seine, France']","[{'id': 'co0065371', 'name': 'Société générale des films'}]",,22731,"['Biography', 'Drama', 'History']",False,114,8.1,64088
tt0032138,https://www.imdb.com/title/tt0032138/,The Wizard of Oz,The Wizard of Oz,movie,"Young Dorothy Gale and her dog Toto are swept away by a tornado from their Kansas farm to the magical Land of Oz and embark on a quest with three new friends to see the Wizard, who can return her to her home and fulfill the others' wishes.",https://m.media-amazon.com/images/M/MV5BYWRmY2I0MGItYTQ0OC00NWZmLWIwMDktYjJlNDc0MzVhMmViXkEyXkFqcGc@._V1_.jpg,G,1939,,1939-08-25,"['Adventure Epic', 'Classic Musical', 'Fairy Tale', 'Fantasy Epic', 'Quest', 'Adventure', 'Family', 'Fantasy', 'Musical']",['US'],['https://www.warnerbros.com/movies/wizard-oz'],['en'],"['Stage 28, Sony Pictures Studios - 10202 W. Washington Blvd., Culver City, California, USA']","[{'id': 'co0007143', 'name': 'Metro-Goldwyn-Mayer (MGM)'}]",2777000,25637669,"['Adventure', 'Family', 'Fantasy']",False,102,8.1,447747
tt0317705,https://www.imdb.com/title/tt0317705/,The Incredibles,The Incredibles,movie,"While trying to lead a quiet suburban life, a family of undercover superheroes are forced into action to save the world.",https://m.media-amazon.com/images/M/MV5BMTY5OTU0OTc2NV5BMl5BanBnXkFtZTcwMzU4MDcyMQ@@._V1_.jpg,PG,2004,,2004-11-05,"['Computer Animation', 'Superhero', 'Urban Adventure', 'Action', 'Adventure', 'Animation', 'Family']",['US'],"['https://www.facebook.com/PixarTheIncredibles', 'https://www.pixar.com/feature-films/the-incredibles']","['en', 'fr', 'de', 'it', 'pt', 'ru']","['Walt Disney Feature Animation - 500 S. Buena Vista Street, Burbank, California, USA']","[{'id': 'co0008970', 'name': 'Walt Disney Pictures'}, {'id': 'co0017902', 'name': 'Pixar Animation Studios'}]",92000000,631688498,"['Action', 'Adventure', 'Animation']",False,115,8,848150
tt0059742,https://www.imdb.com/title/tt0059742/,The Sound of Music,The Sound of Music,movie,A young novice is sent by her convent in 1930s Austria to become a governess to the seven children of a widowed naval officer.,https://m.media-amazon.com/images/M/MV5BYWJhYmU4MjQtZDJhYi00ZGVjLTlkNTEtNzkzNGVjOWQ3MjcwXkEyXkFqcGc@._V1_.jpg,G,1965,,1965-04-01,"['Classic Musical', 'Biography', 'Drama', 'Family', 'Musical', 'Romance']",['US'],"['https://www.facebook.com/TheSoundOfMusic', 'https://www.foxmovies.com/movies/the-sound-of-music']","['en', 'de']","['Felsenreitschule, Salzburg, Austria']","[{'id': 'co0024434', 'name': 'Robert Wise Productions'}, {'id': 'co0021486', 'name': 'Argyle Enterprises'}]",8200000,159484051,"['Biography', 'Drama', 'Family']",False,172,8.1,273834
tt1979320,https://www.imdb.com/title/tt1979320/,Rush,Rush,movie,"James Hunt and Niki Lauda, two extremely skilled Formula One racers, have an intense rivalry with each other. However, it is their enmity that pushes them to their limits.",https://m.media-amazon.com/images/M/MV5BMTZhOGQxM2ItNGQyYy00YzE5LWI5MjMtNmMzNGQzNDE1OTUzXkEyXkFqcGc@._V1_.jpg,R,2013,,2013-09-27,"['Docudrama', 'Motorsport', 'Period Drama', 'Biography', 'Drama', 'Sport']","['GB', 'US']",['https://www.facebook.com/rushmovie/'],"['en', 'de', 'it', 'fr', 'ja', 'es']","['Nürburgring, Rhineland-Palatinate, Germany']","[{'id': 'co0234935', 'name': 'Exclusive Media Group'}, {'id': 'co0285648', 'name': 'Cross Creek Pictures'}, {'id': 'co0003687', 'name': 'Imagine Entertainment'}]",38000000,96992516,"['Biography', 'Drama', 'Sport']",False,123,8.1,531013
tt1028532,https://www.imdb.com/title/tt1028532/,Hachi: A Dog's Tale,Hachi: A Dog's Tale,movie,"Professor Wilson discovers a lost Akita puppy on his way home. Despite objections from his wife, Hachi endears himself to the family and grows to be Parker's loyal companion. As their bond grows deeper, a beautiful relationship unfolds.",https://m.media-amazon.com/images/M/MV5BNTU5NjYyYTgtZGQ3My00MzRhLThjNGYtZmVjN2JjYjhkMjhhXkEyXkFqcGc@._V1_.jpg,G,2009,,2010-03-12,"['Animal Adventure', 'Biography', 'Drama', 'Family']","['GB', 'US']","['http://www.hachithemovie.com/', 'http://www.hachiko-derfilm.de/']","['en', 'ja']","['Rhode Island, USA']","[{'id': 'co0222021', 'name': 'Stage 6 Films'}, {'id': 'co0119195', 'name': 'Inferno Distribution'}, {'id': 'co0341749', 'name': 'Hachiko'}]",16000000,46749646,"['Biography', 'Drama', 'Family']",False,93,8.1,325557
tt0092005,https://www.imdb.com/title/tt0092005/,Stand by Me,Stand by Me,movie,A writer recounts a childhood journey with his friends to find the body of a missing boy.,https://m.media-amazon.com/images/M/MV5BNGJkNTUwM2MtZWE2MS00YjNkLWE3MjktNWQwZDQxMDIyZWVmXkEyXkFqcGc@._V1_.jpg,R,1986,,1986-08-22,"['Coming-of-Age', 'Adventure', 'Comedy', 'Drama']",['US'],['https://www.facebook.com/standbymemovie'],['en'],"['Eagle Mountain Ln, Burney, California, USA']","[{'id': 'co0050868', 'name': 'Columbia Pictures'}, {'id': 'co0015549', 'name': 'Act III'}, {'id': 'co0043140', 'name': 'Act III Communications'}]",8000000,53522503,"['Adventure', 'Comedy', 'Drama']",False,89,8.1,460975
tt0074958,https://www.imdb.com/title/tt0074958/,Network,Network,movie,"A television network cynically exploits a deranged former anchor's ravings and revelations about mass media for its own profit, but finds that his message may be difficult to control.",https://m.media-amazon.com/images/M/MV5BY2E4ZGJiNTMtZTAxZC00MmVlLWI1NjYtMGVhMjhkOGEwZDhjXkEyXkFqcGc@._V1_.jpg,R,1976,,1976-11-27,"['Dark Comedy', 'Workplace Drama', 'Drama']",['US'],,['en'],"['CTV Toronto Studios - 9 Channel Nine Court, Scarborough, Ontario, Canada']","[{'id': 'co0007143', 'name': 'Metro-Goldwyn-Mayer (MGM)'}]",3800000,23701317,['Drama'],False,121,8.1,177906
tt0476735,https://www.imdb.com/title/tt0476735/,My Father and My Son,Babam ve Oglum,movie,The family of a left-wing journalist is torn apart after the military coup of Turkey in 1980.,https://m.media-amazon.com/images/M/MV5BZDE3MTBkNmQtNGFjMC00YTcwLWExY2ItN2MyMGZkNWJlMmFmXkEyXkFqcGc@._V1_.jpg,Not Rated,2005,,2005-11-18,"['Drama', 'Family']",['TR'],,['tr'],"['Seferihisar, Turkey']","[{'id': 'co0209851', 'name': 'Avsar Film'}]",,18612999,"['Drama', 'Family']",False,112,8.2,96605
tt16492678,https://www.imdb.com/title/tt16492678/,Demon Slayer: Kimetsu no Yaiba - Tsuzumi Mansion Arc,Kimetsu no Yaiba: Tsuzumi Yashiki-hen,movie,Tanjiro ventures to the south-southeast where he encounters a cowardly young man named Zenitsu Agatsuma. He is a fellow survivor from Final Selection and his sparrow asks Tanjiro to help keep him in line.,https://m.media-amazon.com/images/M/MV5BZjQzYWUzMWYtMWNmMi00ZDYxLTgzYmItN2NjYTY2YWEyMzNlXkEyXkFqcGc@._V1_.jpg,,2021,,2021-10-07,"['Anime', 'Action', 'Animation', 'Fantasy']",['JP'],,['ja'],,,,67358,"['Action', 'Animation', 'Fantasy']",False,87,8.5,30653
tt4016934,https://www.imdb.com/title/tt4016934/,The Handmaiden,Ah-ga-ssi,movie,"In 1930s Korea, a girl is hired as a handmaiden to a Japanese heiress who lives a secluded life on a countryside estate. But the maid has a secret: She is a pickpocket recruited by a swindler to help seduce the Lady and steal her fortune.",https://m.media-amazon.com/images/M/MV5BOTllZDI1OGItOGUxNS00OGZhLWIzMjAtYzllZTY1YTA0ZmYwXkEyXkFqcGc@._V1_.jpg,Not Rated,2016,,2017-09-02,"['Dark Romance', 'Erotic Thriller', 'Psychological Thriller', 'Steamy Romance', 'Drama', 'Romance', 'Thriller']",['KR'],"['https://www.amazon.com/dp/B01M0K5JA5', 'https://www.facebook.com/handmaidenmovie']","['ko', 'ja']","['Nagoya, Aichi, Japan']","[{'id': 'co0043365', 'name': 'CJ Entertainment'}, {'id': 'co0157434', 'name': 'Moho Film'}, {'id': 'co0484128', 'name': 'Yong Film'}]",10000000000,37863670,"['Drama', 'Romance', 'Thriller']",False,145,8.1,185927
tt0129167,https://www.imdb.com/title/tt0129167/,The Iron Giant,The Iron Giant,movie,A young boy befriends a giant robot from outer space that a paranoid government agent wants to destroy.,https://m.media-amazon.com/images/M/MV5BODM4ZjZjMGEtYmFiMy00MThjLWIzZjUtMDU0ODg1NTI2MzIwXkEyXkFqcGc@._V1_.jpg,PG,1999,,1999-08-06,"['Alien Invasion', 'Artificial Intelligence', 'Hand-Drawn Animation', 'High-Concept Comedy', 'Kaiju', 'Space Sci-Fi', 'Action', 'Adventure', 'Animation', 'Comedy']","['US', 'CZ', 'GB']","['http://theirongiantmovie.com/', 'http://www.warnerbros.com/movies/iron-giant']",['en'],"['Los Angeles, California, USA']","[{'id': 'co0002663', 'name': 'Warner Bros.'}, {'id': 'co0072876', 'name': 'Warner Bros. Animation'}, {'id': 'co0012442', 'name': 'Warner Bros. Feature Animation'}]",70000000,23337631,"['Action', 'Adventure', 'Animation']",False,86,8.1,242098
tt0035446,https://www.imdb.com/title/tt0035446/,To Be or Not to Be,To Be or Not to Be,movie,"During the German occupation of Poland, an acting troupe becomes embroiled in a Polish soldier's efforts to track down a German spy.",https://m.media-amazon.com/images/M/MV5BN2YwNDE4MjQtZjJlOS00ZjIwLWE3YjgtNmZkYWM3N2JmMWM3XkEyXkFqcGc@._V1_.jpg,Approved,1942,,1942-03-06,"['Screwball Comedy', 'Comedy', 'Romance', 'War']",['US'],['https://flixtor.guru/'],"['en', 'de', 'fr']",,"[{'id': 'co0093378', 'name': 'Romaine Film Corporation'}]",,4578000,"['Comedy', 'Romance', 'War']",False,99,8.1,46338
tt0058946,https://www.imdb.com/title/tt0058946/,The Battle of Algiers,La battaglia di Algeri,movie,"In the 1950s, fear and violence escalate as the people of Algiers fight for independence from the French government.",https://m.media-amazon.com/images/M/MV5BMTY2Mjk0OGEtYTM3Yy00ZWZiLWFhNjAtNGExMjEzNGVmMDMxXkEyXkFqcGc@._V1_.jpg,Not Rated,1966,,1967-09-20,"['Docudrama', 'Political Drama', 'Drama', 'War']","['IT', 'DZ']",['https://www.criterion.com/films/248-the-battle-of-algiers'],"['ar', 'fr', 'en', 'es']","['Casbah, Algiers, Algeria']","[{'id': 'co0054014', 'name': 'Igor Film'}, {'id': 'co0136687', 'name': 'Casbah Film'}]",800000,962002,"['Drama', 'War']",False,121,8.1,70266
tt0758758,https://www.imdb.com/title/tt0758758/,Into the Wild,Into the Wild,movie,"After graduating from Emory University, top student and athlete Christopher McCandless abandons his possessions, gives his entire $24,000 savings account to charity and hitchhikes to Alaska to live in the wilderness.",https://m.media-amazon.com/images/M/MV5BNTgwZTJhNWMtNzVjMy00YzQzLWI4MTAtYmJhOGQ5ZmQ3MDM0XkEyXkFqcGc@._V1_.jpg,R,2007,,2007-10-19,"['Coming-of-Age', 'Docudrama', 'Road Trip', 'Survival', 'Tragedy', 'Adventure', 'Biography', 'Drama']",['US'],['http://intothewild.jp/'],"['en', 'da']","['Astoria, Oregon, USA']","[{'id': 'co0179341', 'name': 'Paramount Vantage'}, {'id': 'co0079747', 'name': 'Art Linson Productions'}, {'id': 'co0177217', 'name': 'Into the Wild'}]",15000000,56676733,"['Adventure', 'Biography', 'Drama']",False,148,8.1,676113
tt0032551,https://www.imdb.com/title/tt0032551/,The Grapes of Wrath,The Grapes of Wrath,movie,"An Oklahoma family, driven off their farm by the poverty and hopelessness of the Dust Bowl, joins the westward migration to California, suffering the misfortunes of the homeless in the Great Depression.",https://m.media-amazon.com/images/M/MV5BZDgzZjk3OGYtNWI2Ny00MDg3LTgwYWEtNjI1ODAxNjA3ZmFlXkEyXkFqcGc@._V1_.jpg,Approved,1940,,1940-03-15,['Drama'],['US'],,['en'],"['Topock, Arizona, USA']","[{'id': 'co0000756', 'name': 'Twentieth Century Fox'}]",800000,7304,['Drama'],False,129,8.1,103574
tt0107048,https://www.imdb.com/title/tt0107048/,Groundhog Day,Groundhog Day,movie,"A narcissistic, self-centered weatherman finds himself in a time loop on Groundhog Day.",https://m.media-amazon.com/images/M/MV5BOWE3MjQ3ZDAtNDQ2MC00YjBjLTk0ZWYtNjQ0YzQ4YWE3YTEyXkEyXkFqcGc@._V1_.jpg,PG,1993,,1993-02-12,"['Feel-Good Romance', 'High-Concept Comedy', 'Holiday Comedy', 'Holiday Romance', 'Romantic Comedy', 'Comedy', 'Drama', 'Fantasy', 'Romance']",['US'],,"['en', 'fr', 'it']","['344 Fremont St, Woodstock, Illinois, USA']","[{'id': 'co0050868', 'name': 'Columbia Pictures'}]",14600000,71108778,"['Comedy', 'Drama', 'Fantasy']",False,101,8,712397
tt5323662,https://www.imdb.com/title/tt5323662/,A Silent Voice: The Movie,Koe no katachi,movie,"A deaf girl, Shoko, is bullied by the popular Shoya. As Shoya continues to bully Shoko, the class turns its back on him. Shoko transfers and Shoya grows up as an outcast. Alone and depressed, the regretful Shoya finds Shoko to make amends.",https://m.media-amazon.com/images/M/MV5BOTFiNzRiOWEtYTQwNy00NmRiLWE0ZWYtNTE0YjExZjFmZjkwXkEyXkFqcGc@._V1_.jpg,Not Rated,2016,,2016-09-17,"['Anime', 'Coming-of-Age', 'Psychological Drama', 'Shōnen', 'Slice of Life', 'Animation', 'Drama']",['JP'],"['https://www.elevenarts.net/titles/a-silent-voice', 'https://www.fathomevents.com/events/a-silent-voice']","['ja', 'en']",,"[{'id': 'co0623776', 'name': 'ABC Animation'}, {'id': 'co0089081', 'name': 'Kyoto Animation'}, {'id': 'co0021660', 'name': 'Kôdansha'}]",,30504476,"['Animation', 'Drama']",False,130,8.1,116943
tt1454029,https://www.imdb.com/title/tt1454029/,The Help,The Help,movie,"An aspiring author during the civil rights movement of the 1960s decides to write a book detailing the African American maids' point of view on the white families for which they work, and the hardships they go through on a daily basis.",https://m.media-amazon.com/images/M/MV5BMTM5OTMyMjIxOV5BMl5BanBnXkFtZTcwNzU4MjIwNQ@@._V1_.jpg,PG-13,2011,,2011-08-10,"['Period Drama', 'Drama']","['US', 'IN']",['http://disney-studio.jp/movies/help/'],['en'],"['Greenwood, Mississippi, USA']","[{'id': 'co0040938', 'name': 'DreamWorks'}, {'id': 'co0819670', 'name': 'Dreamworks Pictures'}, {'id': 'co0559567', 'name': 'Reliance Film & Entertainment'}]",25000000,221802186,['Drama'],False,146,8.1,509871
tt0245712,https://www.imdb.com/title/tt0245712/,Amores Perros,Amores perros,movie,"An amateur dog fighter, a supermodel, and a derelict assassin, all separately struggling to find love, find their lives transformed by a devastating car wreck in Mexico City.",https://m.media-amazon.com/images/M/MV5BMmUzNDI1MDYtNmIxNC00NjczLTk0ZDEtYWFkZDcxMWVhYTEwXkEyXkFqcGc@._V1_.jpg,R,2000,,2001-04-13,"['Tragedy', 'Drama', 'Thriller']",['MX'],"['https://archive.org/embed/amores-perros-2000', 'https://www.filmymen.us/2022/11/amores-perros-movie-amores-perros-full.html']",['es'],"['Colonia Condesa, Mexico City, Distrito Federal, Mexico']","[{'id': 'co0003956', 'name': 'Altavista Films'}, {'id': 'co0007410', 'name': 'Zeta Film'}]",2000000,20908467,"['Drama', 'Thriller']",False,154,8,261264
tt0032976,https://www.imdb.com/title/tt0032976/,Rebecca,Rebecca,movie,A self-conscious woman juggles adjusting to her new role as an aristocrat's wife and avoiding being intimidated by his first wife's spectral presence.,https://m.media-amazon.com/images/M/MV5BYTI0MjUyODAtZTBkNC00MmIwLWFlNmYtMWE3ZmJlOWJjM2QyXkEyXkFqcGc@._V1_.jpg,Approved,1940,,1940-04-12,"['Dark Romance', 'Psychological Thriller', 'Drama', 'Mystery', 'Romance', 'Thriller']",['US'],,"['en', 'fr']","['Big Sur, California, USA']","[{'id': 'co0130901', 'name': 'Selznick International Pictures'}]",1288000,113328,"['Drama', 'Mystery', 'Romance']",False,130,8.1,153435
tt4430212,https://www.imdb.com/title/tt4430212/,Drishyam,Drishyam,movie,"Desperate measures are taken by a man who tries to save his family from the dark side of the law, after they commit an unexpected crime.",https://m.media-amazon.com/images/M/MV5BM2NmMGFjYTYtNWEwNS00MTM4LWE2ZTktNzZjMTE0OTQyNjFiXkEyXkFqcGc@._V1_.jpg,Not Rated,2015,,2015-07-31,"['Crime', 'Drama', 'Mystery', 'Thriller']",['IN'],"['https://www.facebook.com/DrishyamTheFilm', 'https://www.hotstar.com/in/movies/drishyam/1000074189']","['hi', 'en']","['Goa, India']","[{'id': 'co0499964', 'name': 'Panorama Studios'}, {'id': 'co0465880', 'name': 'Rajkumar Theaters Private Limited'}, {'id': 'co0328195', 'name': 'Viacom18 Motion Pictures'}]",9400000,,"['Crime', 'Drama', 'Mystery']",False,163,8.2,100199
